<?xml-model href="../schema/current/section.rng" schematypens="http://relaxng.org/ns/structure/1.0"?><TEI xmlns="http://www.tei-c.org/ns/1.0">
    <teiHeader>
        <fileDesc type="grouping">
            <titleStmt>
                <title type="mainTitle" xml:lang="Bo-Ltn"/>
                <title type="mainTitle" xml:lang="Sa-Ltn">Vinayavastu</title>
                <title type="mainTitle" xml:lang="en">Chapters on Monastic Discipline</title>
                <title type="otherTitle" xml:lang="">'dul ba'i gzhi/</title>
            </titleStmt>
            <publicationStmt>
                <p>Published in 84000 Reading Room</p>
                <idno xml:id="O1JC114941JC11497"/>
                <date>2010</date>
            </publicationStmt>
            <sourceDesc work="W22084" sort-index="3">
                <p>Derived from previous outline file from TBRC</p>
                <bibl>
                    <idno parent-id="O1JC114941JC11495"/>
                </bibl>
            </sourceDesc>
            <notesStmt>
                <note type="lastUpdated">Last updated at 06/09/2018 at 11:22:17 by admin</note>
            </notesStmt>
        </fileDesc>
    </teiHeader>
    <text>
        <front/>
        <body/>
    </text>
</TEI>