<?xml-model href="../schema/current/section.rng" schematypens="http://relaxng.org/ns/structure/1.0"?><TEI xmlns="http://www.tei-c.org/ns/1.0">
    <teiHeader>
        <fileDesc type="section">
            <titleStmt>
                <title type="mainTitle" xml:lang="Bo-Ltn">mdo/</title>
                <title type="mainTitle" xml:lang="Sa-Ltn">Sūtra</title>
                <title type="mainTitle" xml:lang="en">Discourses</title>
            </titleStmt>
            <publicationStmt>
                <p>Published in 84000 Reading Room</p>
                <idno xml:id="O1JC114941JC12924"/>
                <date>2010</date>
            </publicationStmt>
            <sourceDesc work="W22084" sort-index="4">
                <p>Derived from previous outline file from TBRC</p>
                <bibl>
                    <idno parent-id="O1JC11494"/>
                </bibl>
            </sourceDesc>
            <notesStmt>
                <note type="lastUpdated" date-time="2019-05-21T15:37:53.097Z" user="celso">21/05/2019 15:37:53</note>
            </notesStmt>
        </fileDesc>
    </teiHeader>
    <text>
        <front>
            <div type="abstract">
                <p tid="1">The main body of the Buddha’s discourses, ranging from lengthy and detailed presentations of doctrine to brief
                    summaries of particular points (Toh 8-359).</p>
            </div>
        </front>
        <body>
            <div type="about">
                <head type="about" tid="8">Discourses</head>
                <div type="section">
                    <milestone unit="chunk" xml:id="O1JC114941JC12924-1"/>
                    <p tid="2">In this broad category of canonical works we have grouped four of the traditional divisions of the Kangyur
                            (<title xml:lang="Sa-Ltn">Prajñāpāramitā</title>, <title xml:lang="Sa-Ltn">Buddhāvataṃsaka</title>,
                            <title xml:lang="Sa-Ltn">Ratnakūta</title>, and the General Sūtra collection or <title xml:lang="Sa-Ltn">mdo sde</title>), together with a small set of “late translated” sūtras.</p>
                    <milestone unit="chunk" xml:id="O1JC114941JC12924-2"/>
                    <p tid="3">The <label>Perfection of Wisdom</label> section (Toh 8-30) contains the sūtras specific to the <title xml:lang="Sa-Ltn">prajñāpāramitā</title> literature, ranging from extremely long to extremely
                        short.</p>
                    <milestone unit="chunk" xml:id="O1JC114941JC12924-3"/>
                    <p tid="4">Both the <label>Ornament of the Buddhas</label> or <title xml:lang="Sa-Ltn">Buddhāvataṃsaka</title> (Toh
                        44) and <label>Heap of Jewels</label> or <title xml:lang="Sa-Ltn">Ratnakūta</title> (Toh 45-93) are
                        historically established collections or compilations of particular sūtra works.</p>
                    <milestone unit="chunk" xml:id="O1JC114941JC12924-4"/>
                    <p tid="5">The <label>General Sūtra section</label> (Toh 94-359) contains all the other sūtras that were translated
                        into Tibetan, mainly from Sanskrit but a few from other Indic languages and Chinese.</p>
                    <milestone unit="chunk" xml:id="O1JC114941JC12924-5"/>
                    <p tid="6">The <label>Thirteen late translated sūtras</label> (Toh 31-43) are 14th century Tibetan translations of
                        Theravāda sūtras from the Pāli Canon, located in many Kangyurs at the end of the Perfection of Wisdom
                        section but with no relation to it. To maintain the order of texts in the Degé Kangyur (and the Tōhoku
                        catalogue) this should be the second group of texts within the Discourses section, but on this page we
                        have placed it last to ensure that users will not fail to see the important General Sūtra section on some
                        displays.</p>
                    <milestone unit="chunk" xml:id="O1JC114941JC12924-6"/>
                    <p tid="7">
                        <distinct>Introductions to each collection can be displayed using the “Learn more about...” button within
                            each section.</distinct>
                    </p>
                </div>
            </div>
        </body>
    </text>
</TEI>