<?xml-model href="../schema/current/section.rng" schematypens="http://relaxng.org/ns/structure/1.0"?><TEI xmlns="http://www.tei-c.org/ns/1.0">
    <teiHeader>
        <fileDesc type="section">
            <titleStmt>
                <title type="mainTitle" xml:lang="Bo-Ltn">bsngo smon shis brjod/</title>
                <title type="mainTitle" xml:lang="Sa-Ltn">Praṇidhāna</title>
                <title type="mainTitle" xml:lang="en">Dedication-aspiration</title>
                </titleStmt>
            <publicationStmt>
                <p>Published in 84000 Reading Room</p>
                <idno xml:id="O1JC114941JC21416"/>
                <date>2010</date>
            </publicationStmt>
            <sourceDesc work="W22084" sort-index="17">
                <p>Derived from previous outline file from TBRC</p>
                <bibl>
                    <idno parent-id="O1JC114941JC20565"/>
                </bibl>
            </sourceDesc>
            <notesStmt>
                <note type="lastUpdated" date-time="2019-12-12T10:36:40.758Z" user="john">12/12/2019 10:36:40</note>
            </notesStmt>
        </fileDesc>
    </teiHeader>
    <text>
        <front>
            <div type="abstract">
                <p tid="1">A group of canonical texts used as dedication prayers and expressions of auspiciousness to conclude the Tantra
                    Collection (Toh 809-827).</p>
            </div>
        </front>
        <body>
            <div type="about">
                <head type="about" tid="3">Dedication-aspiration</head>
                <div type="section">
                    <milestone unit="chunk" xml:id="O1JC114941JC21416-1"/>
                    <p tid="2">The 19 works that bring the Tantra Collection to a conclusion are mainly short extracts from longer works.
                        Toh 809-815 take the form of dedication prayers, while Toh 816-827 are mainly expressions of well-wishing
                        and auspiciousness in verse.</p>
                </div>
            </div>
        </body>
    </text>
</TEI>