<?xml-model href="../schema/current/section.rng" schematypens="http://relaxng.org/ns/structure/1.0"?><TEI xmlns="http://www.tei-c.org/ns/1.0">
    <teiHeader>
        <fileDesc type="section">
            <titleStmt>
                <title type="mainTitle" xml:lang="Bo-Ltn">rnying rgyud/</title>
                <title type="mainTitle" xml:lang="Sa-Ltn">Pratantra</title>
                <title type="mainTitle" xml:lang="en">Old Tantras</title>
            </titleStmt>
            <publicationStmt>
                <p>Published in 84000 Reading Room</p>
                <idno xml:id="O1JC114941JC20566"/>
                <date>2010</date>
            </publicationStmt>
            <sourceDesc work="W22084" sort-index="18">
                <p>Derived from previous outline file from TBRC</p>
                <bibl>
                    <idno parent-id="O1JC114941JC14716"/>
                </bibl>
            </sourceDesc>
            <notesStmt>
                <note type="lastUpdated" date-time="2019-05-21T15:42:27.41Z" user="celso">21/05/2019 15:42:27</note>
            </notesStmt>
        </fileDesc>
    </teiHeader>
    <text>
        <front>
            <div type="abstract">
                <p tid="1">Seventeen works representing a small selection of the many tantras of the Ngagyur Nyingma (“earlier translation”) tradition (Toh 828-844).</p>
            </div>
            <div type="warning">
                <p tid="2">
                    <emph rend="bold">Warning:</emph> Readers are reminded that according to Vajrayāna Buddhist tradition there are restrictions and commitments concerning tantra. Practitioners
                    who are not sure if they should read translations in this section are advised to consult the authorities of their lineage. The responsibility, and hence consequences, of
                    reading these texts and/or sharing them with others who may or may not fulfill the requirements lie in the hands of readers. See “Unrestricted access” below.</p>
            </div>
        </front>
        <body>
            <div type="about">
                <head type="about" tid="29">Old Tantras</head>
                <div type="section">
                    <p tid="3">This section of the Kangyur contains a small selection of tantras translated in the early, “imperial” period of translation in Tibet (i.e. the 8th and early 9th centuries, prior
                        to the persecution by King Langdarma in the mid 9th century), associated with what later came to be known as the “ancient tradition of the early translations” (<foreign xml:lang="Bo-Ltn">snga ’gyur rnying ma</foreign>).</p>
                    <p tid="4">Some four hundred tantras were translated from Sanskrit and other languages during this early period, under the royal patronage of King Trisong Detsen and his successors.
                        However, as tantras they were treated with great secrecy, and were not listed along with the other, non-esoteric texts translated at the time in catalogues such as the Denkarma
                            (<foreign xml:lang="Bo-Ltn">ldan dkar ma</foreign>). Nor, because of their perceived sanctity, were they submitted to the process of terminological and orthographical
                        standardization that took place in the early 9th century. Lineages of their transmission and practice were maintained through the period of persecution and destruction of
                        Buddhist institutions under Langdarma and during the century of rebellions and general disintegration that followed (and have been maintained down to the present day), but in
                        the eleventh century a different set of tantras—those to be found in India at the time—began to be introduced to Tibet by Rinchen Zangpo, Drokmi Lotsāwa, Marpa Lotsāwa, and
                        others. These formed the beginning of the “new translations” (<foreign xml:lang="Bo-Ltn">gsar ’gyur</foreign>) of the “later spread” of the teachings (<foreign xml:lang="Bo-Ltn">phyi dar</foreign>) and became the tantric corpus of the new traditions that gradually emerged and developed over the centuries that followed.</p>
                    <p tid="5">It was scholars who owed allegiance to the traditions of these new translations, and had little interest in the tantras of the early period, who first catalogued and then
                        compiled the translated canonical texts into the systematic collections that became the Kangyurs, starting with Butön Rinchen Drup (1290-1364), whose inventory of canonical
                        texts in translation laid the foundation. The exclusion from the Kangyur of the old tantras was partly based on doubts regarding the authenticity of their Indian sources, for
                        the new wave of Tibetan translators, visiting India and Nepal many centuries after the early period and in many cases for relatively brief and localized visits, unsurprisingly
                        found little evidence of the tantric traditions encountered elsewhere by their forbears.</p>
                    <p tid="6">However, it would be difficult to conclude that the compiler scholars were not also influenced by partisan considerations, over-zealous reformist ideals, and even politics. In
                        the struggles of the post-imperial period, strikingly polemical edicts against the practice and practitioners of the early tantras were written by Lha Lama Yeshé’ö (947-1024)
                        the king of Gugé in western Tibet (a fifth generation descendent of Langdarma), by the 11th century translator Go Khukpa Lhetsé, and by other critics.</p>
                    <p tid="7">Even so, most Kangyurs (those of the Tshalpa lineage, including the Degé) do contain this very limited selection of early tantras. According to a text by Ngaki Wangpo (<foreign xml:lang="Bo-Ltn">ngag gi dbang po</foreign>, probably Longchenpa, in <foreign xml:lang="Bo-Ltn">rgol ngan log rtog bzlog pa'i bstan bcos</foreign>), it may have been the
                        14th century Narthang scholar Üpa Losal Sangye Bum who was responsible for the inclusion of this section.</p>
                    <p tid="8">These comprise only some of the principal texts representing the three classes—Mahāyoga, Anuyoga, and Atiyoga—into which the Nyingma tradition divides what it designates the
                        inner tantras (<foreign xml:lang="Bo-Ltn">nang rgyud</foreign>), the equivalent of the Anuttara / Niruttara class of the Sarma traditions). </p>
                    <p tid="9">
                        <label>Atiyoga</label> is represented here only by Toh 828, <title xml:lang="en">The All-Creating Sovereign</title> (<foreign xml:lang="Bo-Ltn">kun byed rgyal po</foreign>), from
                        the Mind Class (<foreign xml:lang="Bo-Ltn">sems sde</foreign>), the lowest of the three subdivisions of Atiyoga.</p>
                    <p tid="10">
                        <label>Anuyoga</label> is represented by Toh 829, known best as <title xml:lang="en">The Sūtra That Gathers All Intentions</title> (<foreign xml:lang="Bo-Ltn">mdo dgongs pa ’dus
                            pa</foreign>) but here with another title derived from its root, Toh 831, <title xml:lang="en">The Sūtra of All-Gathering Awareness</title> (<foreign xml:lang="Bo-Ltn">kun
                            ’dus rig pa’i mdo</foreign>); and by Toh 830, <title xml:lang="en">The Magnificent Lightning Wheel of Awareness</title> (<foreign xml:lang="Bo-Ltn">ye shes rngam pa glog gi
                            ’khor lo</foreign>), although in some classifications this is categorized as a Mahāyoga text.</p>
                    <p tid="11">The remainder of the texts in the section, Toh 832-844, belong to the much more numerous <emph>Mahāyoga</emph> tantras. These are classified into tantras (<foreign xml:lang="Bo-Ltn">rgyud sde</foreign>) and means for attainment (<foreign xml:lang="Bo-Ltn">sgrub sde</foreign>). </p>
                </div>
                <div type="section">
                    <p tid="12">The first section, the <emph>tantras</emph>, comprises a basic cycle of 18 tantras derived from the major corpus of tantra texts known as the <term>Magical Net</term>, the
                            <foreign xml:lang="Sa-Ltn">Māyājāla</foreign> (<foreign xml:lang="Bo-Ltn">sgyu ’phrul dra ba</foreign>), to which Toh 832 and 834, two versions of the tantra <title xml:lang="en">The Secret Nucleus</title>, the <title xml:lang="Sa-Ltn">Guhyagarbha</title> (<foreign xml:lang="Bo-Ltn">rgyud gsang ba’i snying po</foreign>); Toh 833,
                            <title xml:lang="en">The Magical Net of Vajrasattva</title> (<foreign xml:lang="Bo-Ltn">rdo rje sems dpa’i sgyu ’phrul dra ba</foreign>); and Toh 836, <title xml:lang="en">The Tantra of the Great Magical Net of the Goddess</title> (<foreign xml:lang="Bo-Ltn">lha mo sgyu ’phrul dra ba chen po</foreign>) all belong. Toh 835, <title xml:lang="en">The Noose of Methods</title> (<foreign xml:lang="Bo-Ltn">thabs kyi zhags pa</foreign>), a fragmentary version of an originally larger text, is classified as a
                        supplementary tantra.</p>
                    <p tid="13">The second, the <term>means for attainment</term>, is classified according to the meditational deities whose practice is described in each text. Of these, here, Toh 838 deals
                        with Mañjuśrī-Yamāntaka, 839 with Hayagrīva, 840 with Śrīheruka, and 841 with Vajrāmṛta, while Toh 842, 843 and 844 focus on the three mundane deities Mātaraḥ,
                        Vajramantrabhīru, and Lokastotrapūjā, respectively. The text representing the practice of Vajrakīla, widespread in the Nyingma tradition, is a fragment not catalogued in Toh
                        but here numbered 841A.</p>
                    <p tid="14">Note that there are a few tantras translated in the early period found not here, in the Old Tantra section, but in the main Tantra Collection, as they are shared by the Nyingma
                        and Sarma traditions (though often using different translations). They include the <title xml:lang="Sa-Ltn">Mañjusrīnāmasaṃgīti</title> (Toh 360), the <title xml:lang="Sa-Ltn">Guhyasamāja</title> (<foreign xml:lang="Bo-Ltn">gsang ba sdus pa</foreign>, Toh 442), and the <title xml:lang="Sa-Ltn">Māyājāla</title> (<foreign xml:lang="Bo-Ltn">sgyu
                            ’phrul dra ba</foreign>, Toh 466).</p>
                    <p tid="15">A separate, much larger collection of tantras considered canonical by the Nyingma tradition, called the Nyingma Gyubum, exists in several versions (and translations of its works
                        will, it is hoped, be added to the 84000 collection).</p>
                    <p tid="16">
                        <label>Further reading</label>
                    </p>
                    <p tid="17">Gyurme Dorje, <title xml:lang="en">The Guhyagarbhatantra and its XIVth Century Commentary Phyogs-bcu mun-sel</title>, PhD thesis. University of London, SOAS (1987).</p>
                    <p tid="18">E. Gene Smith, <title xml:lang="en">Among Tibetan Texts: History and Literature of the Himalayan Plateau (Studies in Indian and Tibetan Buddhism)</title>, Boston, Wisdom
                        Publications (2001).</p>
                    <p tid="19">Dudjom Rinpoche Jigdrel Yeshe Dorje, tr. Dorje, G. and Kapstein, M., <title xml:lang="en">The Nyingma School of Tibetan Buddhism: Its Fundamentals and History</title>, Boston,
                        Wisdom Publications (1991).</p>
                    <p tid="20">Wangchuk, Dorji, “An Eleventh Century Defence of the Authenticity of the Guhyagarbha Tantra,” in Eimer and Germano (eds.), <title xml:lang="en">The Many Canons of Tibetan
                            Buddhism</title> (PIATS 2000). Leiden, Brill (2002).</p>
                    <p tid="21">See also section 6, chapter 4 in: Jamgön Kongtrul (<foreign xml:lang="Bo-Ltn">’jam mgon kong sprul blo gros mtha’ yas</foreign>), <foreign xml:lang="Bo-Ltn">shes bya kun
                            khyab</foreign>, Delhi: Shechen Publications (1997). Translated as Guarisco, E. and McLeod, I (trans.), <title xml:lang="en">The Treasury of Knowledge: Book 6, Part 4,
                            Systems of Buddhist Tantra</title>, Ithaca: Snow Lion Publications (2005), chapters 17 and 20.</p>
                </div>
                <div type="section">
                    <head type="section" tid="30">Unrestricted access</head>
                    <p tid="22">The decision to publish tantra texts without restricted access has been considered carefully. First of all, it should be noted that all the original Tibetan texts of the
                        Kangyur, including those in this Tantra section, are in the public domain. Some of the texts in this section (but by no means all of them) are nevertheless, according to some
                        traditions, only studied with authorization and after suitable preliminaries.</p>
                    <p tid="23">It is true, of course, that a translation makes the content accessible to a far greater number of people; 84000 has therefore consulted many senior Buddhist teachers on this
                        question, and most of them felt that to publish the texts openly is, on balance, the best solution. The alternatives would be not to translate them at all (which would defeat
                        the purposes of the whole project), or to place some sort of restriction on their access. Restricted access has been tried by some Buddhist book publishers, and of course needs
                        a system of administration, judgment, and policing that is either a mere formality, or is very difficult to implement. It would be even harder to implement in the case of
                        electronic texts—and even easier to circumvent. Indeed, nowadays practically the whole range of traditionally restricted Tibetan Buddhist material is already available to
                        anyone who looks for it, and is all too often misrepresented, taken out of context, or its secret and esoteric nature deliberately vaunted.</p>
                    <p tid="24">84000’s policy is to present carefully authenticated translations in their proper setting of the whole body of Buddhist sacred literature, and to trust the good sense of the
                        vast majority of readers not to misuse or misunderstand them. Readers are reminded that according to Vajrayāna Buddhist tradition there are restrictions and commitments
                        concerning tantra. Practitioners who are not sure if they should read translations in this section are advised to consult the authorities of their lineage. The responsibility,
                        and hence consequences, of reading these texts and/or sharing them with others who may or may not fulfill the requirements lie in the hands of readers.</p>
                </div>
                <div type="section">
                    <head type="section" tid="31">Translation and editing of the titles</head>
                    <p tid="25">The titles (as in all sections) have been translated on the basis of the short Tibetan title given in the Degé Kangyur, taking into account the Sanskrit.</p>
                    <p tid="26">The original Sanskrit titles of the various major tantras are well attested and pose only a few problems here and there. However, in the case of the many lesser known works, the
                        Sanskrit, as given at the beginning of the various Tibetan works in the Degé canon (D) and reproduced with some corrections in the Tōhoku Catalogue (Toh), is often problematic.
                        Not infrequently it is a back translation from the Tibetan title, with Sanskrit adjectives in the wrong places, compounds that are inverted, and other evidence that it was
                        composed following the Tibetan and adopting its word order.</p>
                    <p tid="27">We have done our best to interpret such titles in the most likely fashion, but that has often meant privileging the Tibetan rather than following the Sanskrit word order. In
                        rendering the Sanskrit titles, we have added some word breaks and corrected simple and obvious mistakes such as missing or wrong saṃdhi, wrong long and short vowels, missing
                        retroflex consonants, etc. Many, but not all, of the amendments made by the Tōhoku Catalogue have been adopted. Where the title already contains one or more words with case
                        endings, we have added the case endings to the final words (<term>kalpa</term>, <term>tantra</term>, etc.) in the interest of consistency. We have not, however, attempted to
                        rearrange odd Sanskrit word order or make other such substantial changes. It seemed better to correct only what was obviously wrong in the Sanskrit and leave the rest more or
                        less as it was, not attempting what would, in effect, be a retranslation.</p>
                    <p tid="28">For attested proper names we have used the Sanskrit; the rest (including obscure cases) we have translated. In general, the difficulties involved in translating the tantra
                        titles are in many respects much greater than in the case of the sūtras. That said, we consider this a needed start, even if certainly not a final result. In short, what we
                        present here is provisional and should be taken as such.</p>
                </div>
            </div>
        </body>
    </text>
</TEI>