<?xml-model href="../schema/current/section.rng" schematypens="http://relaxng.org/ns/structure/1.0"?><TEI xmlns="http://www.tei-c.org/ns/1.0">
    <teiHeader>
        <fileDesc type="grouping">
            <titleStmt>
                <title type="mainTitle" xml:lang="Bo-Ltn">thams cad bdud rtsi lnga'i rang bzhin dngos grub chen po nye ba'i snying po bam po chen po brgyad pa/</title>
                <title type="mainTitle" xml:lang="Sa-Ltn">sarva­pañcāmṛtasāra­siddhimahadgata­hṛdaya­parivartāṣṭaka</title>
                <title type="mainTitle" xml:lang="en">Eight Great Sections [starting with] The Quintessence of Great Accomplishment Whereby All Things Have the Nature of the Five Nectars</title>
                <title type="otherTitle" xml:lang="Bo-Ltn">thams cad bdud rtsi lnga'i rang bzhin/ dngos grub chen po nye ba'i snying po mchog bam po chen po brgyad pa/</title>
                <title type="otherTitle" xml:lang="">bdud rtsi chen po mchog gi lung 'bum sde/</title>
                <title type="otherTitle" xml:lang="en">[This text has eight chapters, laid out as separate texts in Degé, and numbered 841 (1-8) in Toh, but here all included under this title]</title>
            </titleStmt>
            <publicationStmt>
                <p>Published in 84000 Reading Room</p>
                <idno xml:id="O1JC114941JC12592"/>
                <date>2010</date>
            </publicationStmt>
            <sourceDesc work="W22084" sort-index="19">
                <p>Derived from previous outline file from TBRC</p>
                <bibl>
                    <idno parent-id="O1JC114941JC20566"/>
                </bibl>
            </sourceDesc>
            <notesStmt>
                <note type="lastUpdated">Last updated at 06/09/2018 at 11:21:14 by admin</note>
            </notesStmt>
        </fileDesc>
    </teiHeader>
    <text>
        <front>
            <div type="abstract">
                <p tid="1">[This text has eight chapters, laid out as separate texts in Degé, and numbered 841 (1-8) in Toh, but here all included under this title]</p>
            </div>
        </front>
        <body/>
    </text>
</TEI>