<?xml-model href="../schema/current/section.rng" schematypens="http://relaxng.org/ns/structure/1.0"?><TEI xmlns="http://www.tei-c.org/ns/1.0">
    <teiHeader>
        <fileDesc type="grouping">
            <titleStmt>
                <title type="mainTitle" xml:lang="Bo-Ltn">sde dge'i bka' 'gyur dkar chag</title>
                <title type="mainTitle" xml:lang="Sa-Ltn"/>
                <title type="mainTitle" xml:lang="en">The Derge Kangyur Catalogue</title>
                <title type="otherTitle" xml:lang="Bo-Ltn">bde bar gshegs pa'i bka' gangs can gyi brdas drangs pa'i phyi mo'i tshogs ji snyed pa par du bsgrubs pa'i tshul las nye bar brtsams pa'i gtam bzang po blo ldan mos pa'i kun+da yongs su kha bye ba'i zla 'od gzhon nu'i 'khri shing /</title>
            </titleStmt>
            <publicationStmt>
                <p>Published in 84000 Reading Room</p>
                <idno xml:id="O1JC114941JC12882"/>
                <date>2010</date>
            </publicationStmt>
            <sourceDesc work="W22084" sort-index="26">
                <p>Derived from previous outline file from TBRC</p>
                <bibl>
                    <idno parent-id="O1JC114941JC14718"/>
                </bibl>
            </sourceDesc>
            <notesStmt>
                <note type="lastUpdated">Last updated at 06/09/2018 at 11:22:34 by admin</note>
            </notesStmt>
        </fileDesc>
    </teiHeader>
    <text>
        <front/>
        <body/>
    </text>
</TEI>