<?xml-model href="../schema/current/section.rng" schematypens="http://relaxng.org/ns/structure/1.0"?><TEI xmlns="http://www.tei-c.org/ns/1.0">
    <teiHeader>
        <fileDesc type="section">
            <titleStmt>
                <title type="mainTitle" xml:lang="Bo-Ltn">bde mchog gi rgyud skor/</title>
                <title type="mainTitle" xml:lang="Sa-Ltn"/>
                <title type="mainTitle" xml:lang="en">Śaṃvara and related tantras</title>
                </titleStmt>
            <publicationStmt>
                <p>Published in 84000 Reading Room</p>
                <idno xml:id="O1JC76301JC21619"/>
                <date>2010</date>
            </publicationStmt>
            <sourceDesc work="W23703" sort-index="7">
                <p>Derived from previous outline file from TBRC</p>
                <bibl>
                    <idno parent-id="O1JC76301JC21615"/>
                </bibl>
            </sourceDesc>
            <notesStmt>
                <note type="lastUpdated" date-time="2019-12-12T10:40:54.228Z" user="john">12/12/2019 10:40:54</note>
            </notesStmt>
        </fileDesc>
    </teiHeader>
    <text>
        <front>
            <div type="abstract">
                <p tid="1">Commentaries and liturgical works related to mother or yoginī tantras centered on Śaṃvara / Cakrasaṃvara and
                    Vajravārāhī or Vajrayoginī (Toh 1401-1606)</p>
            </div>
        </front>
        <body>
            <div type="about">
                <head type="about" tid="8">Śaṃvara and related tantras</head>
                <div type="section">
                    <milestone unit="chunk" xml:id="O1JC76301JC21619-1"/>
                    <p tid="2">The 206 works in this subdivision (Toh 1401-1606), filling almost 9 volumes of the Degé Tengyur, are all on
                        the cycle of tantras centered on Śaṃvara (<foreign xml:lang="Bo-Ltn">bde mchog</foreign>), also called
                        Cakrasaṃvara (<foreign xml:lang="Bo-Ltn">khor lo sdom pa</foreign>) in many of them, and often referred to
                        as Heruka.</p>
                    <milestone unit="chunk" xml:id="O1JC76301JC21619-2"/>
                    <p tid="3">While placing this group in the overall heirarchy of the four levels of tantra—that is to say, within the
                        fourth level, Unexcelled Yoga tantra, on the second level of three (i.e. the wisdom or “mother”
                        tantras)—the <foreign xml:lang="Bo-Ltn">dkar chag</foreign> mentions the classification used in the <title xml:lang="Bo-Ltn">Laghuśaṃvara</title> (<title xml:lang="Bo-Ltn">bde mchog nyung ngu</title>, Toh 368,
                        the root tantra of the cycle) whereby it is seen as constituting the sixth of six levels of tantra
                            (<foreign xml:lang="Bo-Ltn">rgyud sde sgo drug pa</foreign>) known as “ultimate secret yoga tantra”
                            (<foreign xml:lang="Bo-Ltn">rnal ’byor gsang mtha’i rgyud</foreign>).</p>
                    <milestone unit="chunk" xml:id="O1JC76301JC21619-3"/>
                    <p tid="4">The first 24 works (Toh 1401-1424) are described in the <foreign xml:lang="Bo-Ltn">dkar chag</foreign> as
                        commentaries on the tantras of the cycle.</p>
                    <milestone unit="chunk" xml:id="O1JC76301JC21619-4"/>
                    <p tid="5">The next 115 works (Toh 1425-1540) are mainly liturgical works in which the male deity predominates.</p>
                    <milestone unit="chunk" xml:id="O1JC76301JC21619-5"/>
                    <p tid="6">These are followed by 66 works (Toh 1541-1606) centered on Vajravārāhī or Vajrayoginī.</p>
                    <milestone unit="chunk" xml:id="O1JC76301JC21619-6"/>
                    <p tid="7">The summary for the cycle in the <foreign xml:lang="Bo-Ltn">dkar chag</foreign> gives figures of 118 and 67
                        works in these last two groups, respectively. This may perhaps be accounted for by the grouping of more
                        than one work under a single title, but warrants investigation.</p>
                </div>
            </div>
        </body>
    </text>
</TEI>