<?xml-model href="../schema/current/section.rng" schematypens="http://relaxng.org/ns/structure/1.0"?><TEI xmlns="http://www.tei-c.org/ns/1.0">
    <teiHeader>
        <fileDesc type="grouping">
            <titleStmt>
                <title type="mainTitle" xml:lang="Bo-Ltn">gshin rje gshed dmar po'i las kyi phreng ba'i sgrub thabs yid bzhin nor bu</title>
                <title type="mainTitle" xml:lang="Sa-Ltn">raktayamarikarmavalisadhanacintaman</title>
                <title type="mainTitle" xml:lang="en">The Wish-Fulfilling Jewel, a sādhana activity garland of Red Yamāri</title>
                <title type="otherTitle" xml:lang="Sa-Ltn">raktayamarikarmavalisadhanacintamani-nama</title>
            </titleStmt>
            <publicationStmt>
                <p>Published in 84000 Reading Room</p>
                <idno xml:id="O1JC76301JC8623"/>
                <date>2010</date>
            </publicationStmt>
            <sourceDesc work="W23703" sort-index="12">
                <p>Derived from previous outline file from TBRC</p>
                <bibl>
                    <idno parent-id="O1JC76301JC21622"/>
                </bibl>
            </sourceDesc>
            <notesStmt>
                <note type="lastUpdated">Last updated at 06/09/2018 at 11:21:32 by admin</note>
            </notesStmt>
        </fileDesc>
    </teiHeader>
    <text>
        <front/>
        <body/>
    </text>
</TEI>