<?xml-model href="../schema/current/section.rng" schematypens="http://relaxng.org/ns/structure/1.0"?><TEI xmlns="http://www.tei-c.org/ns/1.0">
    <teiHeader>
        <fileDesc type="grouping">
            <titleStmt>
                <title type="mainTitle" xml:lang="Bo-Ltn">spyan ras gzigs dbang gi sgrub thabs brgya rtsa brgyad pa</title>
                <title type="mainTitle" xml:lang="Sa-Ltn">aryavalokitecvarastottaracatakasadhana</title>
                <title type="mainTitle" xml:lang="en">One Hundred and Eight sādhanas of Lord Avalokiteśvara</title>
                <title type="otherTitle" xml:lang="Bo-Ltn">'phags pa spyan ras gzigs dbang phyug gi sgrub thabs brgya rtsa brgyad pa</title>
            </titleStmt>
            <publicationStmt>
                <p>Published in 84000 Reading Room</p>
                <idno xml:id="O1JC76301JC9356"/>
                <date>2010</date>
            </publicationStmt>
            <sourceDesc work="W23703" sort-index="19">
                <p>Derived from previous outline file from TBRC</p>
                <bibl>
                    <idno parent-id="O1JC76301JC21612"/>
                </bibl>
            </sourceDesc>
            <notesStmt>
                <note type="lastUpdated">Last updated at 06/09/2018 at 11:21:52 by admin</note>
            </notesStmt>
        </fileDesc>
    </teiHeader>
    <text>
        <front>
            <div type="abstract">
                <p tid="1">gser bris number 1577</p>
            </div>
        </front>
        <body/>
    </text>
</TEI>