<?xml-model href="../schema/current/section.rng" schematypens="http://relaxng.org/ns/structure/1.0"?><TEI xmlns="http://www.tei-c.org/ns/1.0">
    <teiHeader>
        <fileDesc type="grouping">
            <titleStmt>
                <title type="mainTitle" xml:lang="Bo-Ltn">rnam 'joms kyi sgrub thabs brgya rtsa brgyad</title>
                <title type="mainTitle" xml:lang="Sa-Ltn"/>
                <title type="mainTitle" xml:lang="en">One Hundred and Eight sādhanas of Vajravidāraṇa</title>
            </titleStmt>
            <publicationStmt>
                <p>Published in 84000 Reading Room</p>
                <idno xml:id="O1JC76301JC9561"/>
                <date>2010</date>
            </publicationStmt>
            <sourceDesc work="W23703" sort-index="20">
                <p>Derived from previous outline file from TBRC</p>
                <bibl>
                    <idno parent-id="O1JC76301JC21612"/>
                </bibl>
            </sourceDesc>
            <notesStmt>
                <note type="lastUpdated">Last updated at 06/09/2018 at 11:22:57 by admin</note>
            </notesStmt>
        </fileDesc>
    </teiHeader>
    <text>
        <front>
            <div type="abstract">
                <p tid="1">gser bris number 1776</p>
            </div>
        </front>
        <body/>
    </text>
</TEI>