<?xml-model href="../schema/current/section.rng" schematypens="http://relaxng.org/ns/structure/1.0"?><TEI xmlns="http://www.tei-c.org/ns/1.0">
    <teiHeader>
        <fileDesc type="section">
            <titleStmt>
                <title type="mainTitle" xml:lang="Bo-Ltn">ba ri ba’i sgrub thabs rgya rtsa/</title>
                <title type="mainTitle" xml:lang="Sa-Ltn"/>
                <title type="mainTitle" xml:lang="en">The “Hundred” Sādhanas translated by Bari</title>
                </titleStmt>
            <publicationStmt>
                <p>Published in 84000 Reading Room</p>
                <idno xml:id="O1JC76301JC21629"/>
                <date>2010</date>
            </publicationStmt>
            <sourceDesc work="W23703" sort-index="24">
                <p>Derived from previous outline file from TBRC</p>
                <bibl>
                    <idno parent-id="O1JC76301JC21613"/>
                </bibl>
            </sourceDesc>
            <notesStmt>
                <note type="lastUpdated" date-time="2019-12-12T10:46:30.86Z" user="john">12/12/2019 10:46:30</note>
            </notesStmt>
        </fileDesc>
    </teiHeader>
    <text>
        <front>
            <div type="abstract">
                <p tid="1">A collection of 93 sādhanas translated by the paṇḍita Amoghavajra and the 11th century Khampa Lotsāwa Bari Chödrak (Toh 3306-3399)</p>
            </div>
        </front>
        <body/>
    </text>
</TEI>