<?xml-model href="../schema/current/section.rng" schematypens="http://relaxng.org/ns/structure/1.0"?><TEI xmlns="http://www.tei-c.org/ns/1.0">
    <teiHeader>
        <fileDesc type="section">
            <titleStmt>
                <title type="mainTitle" xml:lang="Bo-Ltn">sgrub thabs rgya mtsho/</title>
                <title type="mainTitle" xml:lang="Sa-Ltn">sādhanasāgara</title>
                <title type="mainTitle" xml:lang="en">Ocean of Sādhanas</title>
                </titleStmt>
            <publicationStmt>
                <p>Published in 84000 Reading Room</p>
                <idno xml:id="O1JC76301JC21626"/>
                <date>2010</date>
            </publicationStmt>
            <sourceDesc work="W23703" sort-index="25">
                <p>Derived from previous outline file from TBRC</p>
                <bibl>
                    <idno parent-id="O1JC76301JC21613"/>
                </bibl>
            </sourceDesc>
            <notesStmt>
                <note type="lastUpdated" date-time="2019-12-12T10:46:55.278Z" user="john">12/12/2019 10:46:55</note>
            </notesStmt>
        </fileDesc>
    </teiHeader>
    <text>
        <front>
            <div type="abstract">
                <p tid="1">A collection of 245 short liturgies translated by Trakpa Gyaltsen (Toh 3400-3644)</p>
            </div>
        </front>
        <body>
            <div type="about">
                <head type="about" tid="5">Ocean of Sādhanas</head>
                <div type="section">
                    <milestone unit="chunk" xml:id="O1JC76301JC21626-1"/>
                    <p tid="2">A distinct collection of 245 short sādhanas, centered on a wide range of deities and known as the <title xml:lang="en">Ocean of Sādhanas</title> (<title xml:lang="Bo-Ltn">sgrub thabs rga mtsho</title>, or
                            <title xml:lang="Sa-Ltn">Sādhanasāgara</title>, also known as <title xml:lang="Bo-Ltn">sgrub thabs kun
                            las btus pa</title>, or <title xml:lang="Sa-Ltn">Sādhanasamuccaya</title> ).</p>
                    <milestone unit="chunk" xml:id="O1JC76301JC21626-2"/>
                    <p tid="3">All 245 works were translated at Sakya in 1286 by Trakpa Gyaltsen, who received the transmission from “the
                        great paṇḍita Gautama” through the “great paṇḍita Kīrticandra.”</p>
                    <milestone unit="chunk" xml:id="O1JC76301JC21626-3"/>
                    <p tid="4">The collection is closely related to a collection of sādhanas in Sanskrit found in two manuscripts of the
                        12th and 13th centuries, known as the <title xml:lang="Sa-Ltn">Sādhanamāla</title> (Bhattacaryya, B.,
                        Baroda, 1925).</p>
                </div>
            </div>
        </body>
    </text>
</TEI>