<?xml-model href="../schema/current/section.rng" schematypens="http://relaxng.org/ns/structure/1.0"?><TEI xmlns="http://www.tei-c.org/ns/1.0">
    <teiHeader>
        <fileDesc type="section">
            <titleStmt>
                <title type="mainTitle" xml:lang="Bo-Ltn">shes phyin/</title>
                <title type="mainTitle" xml:lang="Sa-Ltn">Prajñāpāramitā</title>
                <title type="mainTitle" xml:lang="en">Perfection of Wisdom</title>
            </titleStmt>
            <publicationStmt>
                <p>Published in 84000 Reading Room</p>
                <idno xml:id="O1JC76301JC10416"/>
                <date>2010</date>
            </publicationStmt>
            <sourceDesc work="W23703" sort-index="29">
                <p>Derived from previous outline file from TBRC</p>
                <bibl>
                    <idno parent-id="O1JC76301JC11282"/>
                </bibl>
            </sourceDesc>
            <notesStmt>
                <note type="lastUpdated">Last updated at 06/09/2018 at 11:23:09 by admin</note>
            </notesStmt>
        </fileDesc>
    </teiHeader>
    <text>
        <front>
            <div type="abstract">
                <p tid="1">The Indian treatises explaining and commenting on the various Perfection of Wisdom sūtras (Toh 3786-3823)</p>
            </div>
        </front>
        <body/>
    </text>
</TEI>