<?xml-model href="../schema/current/section.rng" schematypens="http://relaxng.org/ns/structure/1.0"?><TEI xmlns="http://www.tei-c.org/ns/1.0">
    <teiHeader>
        <fileDesc type="section">
            <titleStmt>
                <title type="mainTitle" xml:lang="Bo-Ltn">mdo 'grel/</title>
                <title type="mainTitle" xml:lang="Sa-Ltn">Sūtrānta</title>
                <title type="mainTitle" xml:lang="en">Sūtra commentary</title>
            </titleStmt>
            <publicationStmt>
                <p>Published in 84000 Reading Room</p>
                <idno xml:id="O1JC76301JC10651"/>
                <date>2010</date>
            </publicationStmt>
            <sourceDesc work="W23703" sort-index="31">
                <p>Derived from previous outline file from TBRC</p>
                <bibl>
                    <idno parent-id="O1JC76301JC11282"/>
                </bibl>
            </sourceDesc>
            <notesStmt>
                <note type="lastUpdated">Last updated at 06/09/2018 at 11:23:22 by admin</note>
            </notesStmt>
        </fileDesc>
    </teiHeader>
    <text>
        <front>
            <div type="abstract">
                <p tid="1">The Indian commentaries on a number of doctrinally important sūtras (other than those on the Perfection of Wisdom) (Toh 3981-4019)</p>
            </div>
        </front>
        <body/>
    </text>
</TEI>