<?xml-model href="../schema/current/section.rng" schematypens="http://relaxng.org/ns/structure/1.0"?><TEI xmlns="http://www.tei-c.org/ns/1.0">
    <teiHeader>
        <fileDesc type="section">
            <titleStmt>
                <title type="mainTitle" xml:lang="Bo-Ltn">sems tsam/</title>
                <title type="mainTitle" xml:lang="Sa-Ltn">Cittamātra</title>
                <title type="mainTitle" xml:lang="en">Mind-only</title>
            </titleStmt>
            <publicationStmt>
                <p>Published in 84000 Reading Room</p>
                <idno xml:id="O1JC76301JC10703"/>
                <date>2010</date>
            </publicationStmt>
            <sourceDesc work="W23703" sort-index="32">
                <p>Derived from previous outline file from TBRC</p>
                <bibl>
                    <idno parent-id="O1JC76301JC11282"/>
                </bibl>
            </sourceDesc>
            <notesStmt>
                <note type="lastUpdated">Last updated at 06/09/2018 at 11:21:38 by admin</note>
            </notesStmt>
        </fileDesc>
    </teiHeader>
    <text>
        <front>
            <div type="abstract">
                <p tid="1">The treatises by Maitreya, Asaṅga, Vasubandhu, and others on Yogācāra-Cittamātra themes, buddha-nature, and other topics (Toh 4020-4085)</p>
            </div>
        </front>
        <body/>
    </text>
</TEI>