<?xml-model href="../schema/current/section.rng" schematypens="http://relaxng.org/ns/structure/1.0"?><TEI xmlns="http://www.tei-c.org/ns/1.0">
    <teiHeader>
        <fileDesc type="section">
            <titleStmt>
                <title type="mainTitle" xml:lang="Bo-Ltn">bod kyi mkhas pa rnams kyis mdzas pa'i bstan bcos/</title>
                <title type="mainTitle" xml:lang="Sa-Ltn"/>
                <title type="mainTitle" xml:lang="en">Treatises by early Tibetan scholars</title>
                </titleStmt>
            <publicationStmt>
                <p>Published in 84000 Reading Room</p>
                <idno xml:id="O1JC76301JC21685"/>
                <date>2010</date>
            </publicationStmt>
            <sourceDesc work="W23703" sort-index="44">
                <p>Derived from previous outline file from TBRC</p>
                <bibl>
                    <idno parent-id="O1JC76301JC11145"/>
                </bibl>
            </sourceDesc>
            <notesStmt>
                <note type="lastUpdated" date-time="2019-12-12T10:48:38.425Z" user="john">12/12/2019 10:48:38</note>
            </notesStmt>
        </fileDesc>
    </teiHeader>
    <text>
        <front>
            <div type="abstract">
                <p tid="1">Texts by the early Tibetan scholars and unknown authors on topics ranging from translation, Tibetan grammar, and text inventories to sūtra commentaries and meditation instructions (Toh 4346-4376)</p>
            </div>
        </front>
        <body/>
    </text>
</TEI>