<?xml-model href="../schema/current/section.rng" schematypens="http://relaxng.org/ns/structure/1.0"?><TEI xmlns="http://www.tei-c.org/ns/1.0">
    <teiHeader>
        <fileDesc type="section">
            <titleStmt>
                <title type="mainTitle" xml:lang="Bo-Ltn">gsar bcug mdo dang rig gnas la sogs pa'i bstan bcos sna tshogs/</title>
                <title type="mainTitle" xml:lang="Sa-Ltn"/>
                <title type="mainTitle" xml:lang="en">Newly inserted miscellaneous treatises on sūtra and the sciences</title>
                </titleStmt>
            <publicationStmt>
                <p>Published in 84000 Reading Room</p>
                <idno xml:id="O1JC76301JC21686"/>
                <date>2010</date>
            </publicationStmt>
            <sourceDesc work="W23703" sort-index="45">
                <p>Derived from previous outline file from TBRC</p>
                <bibl>
                    <idno parent-id="O1JC76301JC11145"/>
                </bibl>
            </sourceDesc>
            <notesStmt>
                <note type="lastUpdated" date-time="2019-12-12T10:49:01.805Z" user="john">12/12/2019 10:49:01</note>
            </notesStmt>
        </fileDesc>
    </teiHeader>
    <text>
        <front>
            <div type="abstract">
                <p tid="1">Other treatises added to the Tengyur at later dates (Toh 4420-4464)</p>
            </div>
        </front>
        <body/>
    </text>
</TEI>