<?xml-model href="../schema/current/section.rng" schematypens="http://relaxng.org/ns/structure/1.0"?><TEI xmlns="http://www.tei-c.org/ns/1.0">
    <teiHeader>
        <fileDesc type="section">
            <titleStmt>
                <title type="mainTitle" xml:lang="Bo-Ltn">bsngo smon bkra shis/</title>
                <title type="mainTitle" xml:lang="Sa-Ltn">Praṇidhāna</title>
                <title type="mainTitle" xml:lang="en">Dedication and aspiration prayers</title>
                </titleStmt>
            <publicationStmt>
                <p>Published in 84000 Reading Room</p>
                <idno xml:id="O1JC76301JC21687"/>
                <date>2010</date>
            </publicationStmt>
            <sourceDesc work="W23703" sort-index="46">
                <p>Derived from previous outline file from TBRC</p>
                <bibl>
                    <idno parent-id="O1JC76301JC11145"/>
                </bibl>
            </sourceDesc>
            <notesStmt>
                <note type="lastUpdated" date-time="2019-12-12T10:49:23.89Z" user="john">12/12/2019 10:49:23</note>
            </notesStmt>
        </fileDesc>
    </teiHeader>
    <text>
        <front>
            <div type="abstract">
                <p tid="1">Prayers of dedication and aspiration and auspicious verses to conclude the main body of the Tengyur (Toh 4377-4419A)</p>
            </div>
        </front>
        <body/>
    </text>
</TEI>