<?xml-model href="../schema/current/section.rng" schematypens="http://relaxng.org/ns/structure/1.0"?><TEI xmlns="http://www.tei-c.org/ns/1.0">
    <teiHeader>
        <fileDesc type="section">
            <titleStmt>
                <title type="mainTitle" xml:lang="Bo-Ltn">jo bo'i chos chung/</title>
                <title type="mainTitle" xml:lang="Sa-Ltn">Sūcilipi</title>
                <title type="mainTitle" xml:lang="en">Works of Atiśa</title>
            </titleStmt>
            <publicationStmt>
                <p>Published in 84000 Reading Room</p>
                <idno xml:id="O1JC76301JC11278"/>
                <date>2010</date>
            </publicationStmt>
            <sourceDesc work="W23703" sort-index="47">
                <p>Derived from previous outline file from TBRC</p>
                <bibl>
                    <idno parent-id="O1JC7630"/>
                </bibl>
            </sourceDesc>
            <notesStmt>
                <note type="lastUpdated" date-time="2019-05-21T15:47:04.032Z" user="celso">21/05/2019 15:47:04</note>
            </notesStmt>
        </fileDesc>
    </teiHeader>
    <text>
        <front>
            <div type="abstract">
                <p tid="4">A compilation (not included in all editions) of works by the 11th century Bengali Buddhist scholar Atiśa Dīpaṃkaraśrījñāna, who spent his final years teaching in Tibet (Toh 4465-4567)</p>
            </div>
        </front>
        <body>
            <div type="about">
                <head type="about" tid="5">The Works of Atiśa</head>
                <div type="section">
                    <p tid="1">This section, included in some later printings of the Degé Tengyur, contains a compilation of works by Atiśa Dīpaṃkaraśrījñāna, 982-1054, also known as Jowo Jé (<foreign type="person" xml:lang="Bo-Ltn">jo bo rje</foreign>).</p>
                    <p tid="2">All of the 103 works in this volume (Toh 4465-4567) are duplicates of Atiśa’s works found elsewhere in the Tengyur, with the exception of 3 very short texts (Toh 4515, 4516, and 4548).</p>
                    <p tid="3">For convenient reference, nevertheless, a full list of the titles and alternate Toh numbers will be added in a later update.</p>
                </div>
            </div>
        </body>
    </text>
</TEI>