sgrim|to focus (the mind)\ne.g. {rig pa sgrim}, {blo sgrim}
lhod yengs|Distracted, unfocused.\nWaldo interprets {sgrim} as “to be tense” or “to be tight”, but it really means “to be focused”, hence the use of {yengs}.
rda steng|Upper Dharamsala\ncf. {d+ha steng}, {rda shod}, {d+ha shod}
d+ha steng|Upper Dharamsala\ncf. {rda steng}, {rda shod}, {d+ha shod}
rda shod|Lower Dharamsala\ncf. {d+ha shod}, {rda steng}, {d+ha steng}
d+ha shod|Lower Dharamsala\ncf. {rda shod}, {rda steng}, {d+ha steng}
dge tshul slong|novice monastics ({dge tshul}) and bhikshus ({dge slong})
sdom 'bog|conferral of vows
o rtsed 'gran bsdur|Olympic games ({yig skad} – substituted with “Olympics {rtsed 'gran}” in a VOT audio recording)
lho ko ri ya|South Korea
nyin grangs|number of days ({yig skad})
rtsed 'gran|1) tournament\n2) “Games” or “Cup” (as a way to refer to a tournament)
pi cing|Beijing
zur za byed|to satirize (e.g. {rgya gzhung la zur za byas pa'i 'gul ris brnyan thung zhig 'don spel gnang 'dug} “They released an animated video satirizing the Chinese government”)
nang pa la|Nangpa La mountain pass
dmar bsad btang|to slaughter
lhag tu|especially, in particular ({yig skad} – substituted with “{lhag par du}” in a VOT audio recording)
bzang phyogs|1) the good side, the bright side of things\ne.g. {bzang phyogs nas lta na} “If you look from the bright side…”\ncf. {sdug phyogs}\n2) good, positive\ne.g. {bod nang gi 'gro ba mi'i thob thang gi gnas stangs la bzang phyogs kyi 'gyur ba gang yang mngon rgyu med pa mngon gsal/}\n“Report on the lack of any perceptible positive changes in the human rights situation within Tibet”
sdug phyogs|the bad side, the negative side\ncf. {bzang phyogs}
o lam pig|Olympic
gnon shugs sprod|to pressure
bskyar nan|insistent\n(the {bskyar} is apparently kind of pleonastic here)
bod don|the Tibetan cause
'khor ba|to elapse or pass (e.g. {lo ngo} {70} {'khor ba'i nyin mo} “the 70th anniversary”)
zhi cing phing|Xi Jinping (see also {zhi cin phing})
spyi tshogs dra lam|social media
zhi cin phing|Xi Jingping (see also {zhi cing phing})
khyon|in total (same meaning as {bsdom pas} and {khyon bsdoms})
btsan 'khrid byed|to abduct
blo 'tshab chen po|very worrying, very concerning
dogs gzhi|fear, suspicion
ci na|China
sems 'tshab chen po|very worried, very concerned
ldi li|Delhi
ji chags|how it is
tshogs gtso|1) president (of a group).\nFor the president of a country, see {srid 'dzin}.\nFor the vice-president of a group, see {tshogs gzhon}.\n2) chairman
tshogs gzhon|vice-president (of a group).\nFor the vice-president of a country, see {srid 'dzin gzhon pa}.\nFor the president of a group, see {tshogs gtso}.
gom bgrod|a march
lhan tshogs|1) association, e.g. {bod kyi bu+ed lhan tshogs} “Tibetan Women’s Association” (TWA).\n2) conference, e.g. {gsar 'god lhan tshogs} “press conference”.\n3) forum, e.g. {rgyal spyi'i dge 'dun pa'i lhan tshogs} “World Sangha Forum”.\n4) summit, e.g. G20 {lhan tshogs} “G-20 Summit”
sa gnas|region; regional
bkar nyar|detention; see also {bkag nyar}
bkag nyar|detention; see also {bkar nyar}
mnga' sde'i spyi khyab blon chen|Chief Minister (CM) (e.g. of an Indian province)
gros tshogs kyi tshogs gtso|Speaker (of the House)
drung che|Principal secretary
bod mi'i bla na med pa'i dbu khrid spyi nor gong sa skyabs mgon chen po mchog|{bod mi'i bla na med pa'i dbu khrid spyi nor \u0f38gong sa skyabs mgon chen po mchog} is the full title of His Holiness the Dalai Lama, commonly used when first mentioning him in news reports. Subsequent mentions of him usually take the form of {\u0f38gong sa \u0f38skyabs mgon chen po mchog} or {mgon po \u0f38gang nyid mchog} or {\u0f38gong sa mchog}.
sde pa|division (e.g. of an army)
bzhugs bzhag|a stop (H) (e.g. on a journey)
mtsho sna|Tsona, a place less than 100km north of the border with Tawang District, AP.\nOne of the places in Tibet that HHDL stopped at during his escape into exile.\nFor the next place, see {mang mang}.
mang mang|Marmang, a place about 20-30km SW of Tsona Town, and just north of Zemithang in AP.\nOne of the places in Tibet that HHDL stopped at during his escape into exile.\nFor the previous place, see {mtsho sna}.\nFor the next place, see {skas 'dzeg ma Ni}.
skas 'dzeg ma Ni|Khen-Dza-Mani or Khen-Dze-Mani, i.e. “Mani Staircase”, the place on the border of Tawang District, AP, where HHDL first entered India during his escape from Tibet.\nAlso seen spelled as {skas 'dzegs ma Ni} and {skes 'dzegs ma Ni}.\nFor the previous place, see {mang mang}.\nFor the next place, see {chu dwangs mo}.
chu dwangs mo|Chu-Dhang-Mo, a place near Khen-Dze-Mani in Tawang District, AP, close to the border with Tibet.\nHHDL’s first stop in India during his escape into exile.\nFor the previous place, see {skas 'dzeg ma Ni}.\nFor the next place, see {gor zam mchod rten}.
gor zam mchod rten|Gorsam/Gorzam Chorten, a place in Tawang District, AP.\nHHDL’s second stop in India during his escape into exile.\nFor the previous place, see {chu dwangs mo}.\nFor the next place, see {gor zam mchod rten}.
shag ti|Shakti / Shardi, a place in Tawang District, AP.\nHHDL’s third stop in India during his escape into exile.\nFor the previous place, see {gor zam mchod rten}.\nFor the next place, see {rlung la}.
rlung la|Lumla, a place in Tawang District, AP.\nHHDL’s fourth stop in India during his escape into exile.\nFor the previous place, see {shag ti}.\nFor the next place, see {mthong legs}.
mthong legs|Thonglek, a place in Tawang District, AP between Lumla and Tawang.\nHHDL’s fifth stop in India during his escape into exile.\nFor the previous place, see {rlung la}.\nFor the next place, see {rta dbang}.
rta dbang|Tawang, a town in Tawang District, AP.\nHHDL’s sixth stop in India during his escape into exile.\nFor the previous place, see {mthong legs}.\nFor the next place, see {ljang}.
ljang|Jang, a place in Tawang District, AP.\nHHDL’s seventh stop in India during his escape into exile.\nFor the previous place, see {ljang}.\nFor the next place, see {dzi la}.
dzi la|a place in Arunachal Pradesh. It is a pass at the border between Jang ({ljang}) in Tawang District and Sange Dzong ({seng ge rdzong}) in West Kameng District. It might be what’s called “Sela” on maps today.\nHHDL passed through here during his escape into exile.
seng ge rdzong|Sange Dzong, a place in West Kameng District, AP.\nHHDL’s eighth stop in India during his escape into exile.\nFor the previous place, see {dzi la}.\nFor the next place, see {sde rang nga}.
sde rang|Dirang, a place in West Kameng District, AP.\nHHDL’s ninth stop in India during his escape into exile. Also written {sde rang nga}.\nFor the previous place, see {seng ge rdzong}.\nFor the next place, see {ra hung}.
ra hung|Rahung, a place in West Kameng District, AP, between Dirang ({sde rang nga}) and Bomdila ({'bum sde la}). Also written {rA hUng}.\nHHDL’s tenth stop in India during his escape into exile.\nFor the previous place, see {sde rang nga}.\nFor the next place, see {'bum sde la}
'bum sde la|Bomdila, a place in West Kameng District, AP.\nHHDL’s eleventh stop in India during his escape into exile.\nFor the previous place, see {ra hung}.\nFor the next place, see {khe long}.
khe long|Kelang, a place between Bomdila, AP, and Tezpur, Assam.\nHHDL’s twelfth stop in India during his escape into exile.\nFor the previous place, see {'bum sde la}.\nFor the next place, see {tedza pur}.
tedza pur|Tezpur (usually not transcribed in Tibetan, and instead written in English), a place in Assam.\nHHDL’s thirteenth stop in India during his escape into exile.\nFor the previous place, see {khe long}.\nFor the next place, see {mu su ri}.
mu su ri|Mussoorie (usually not transcribed in Tibetan, and instead written in English), a place in Uttarakhand.\nHHDL’s fourteenth stop in India during his escape into exile.\nFor the previous place, see {tedza pur}.\nFor the next place, see {rda ram sa la}.
rda ram sa la|Dharamsala, a town in HP and seat of the Dalai Lama and the Tibetan government in exile.\nHHDL’s fifteenth and final stop in India during his escape into exile.\nFor the previous place, see {mu su ri}.
dpe|very
yin gcig min gcig|absolutely (commonly used in exhortative sentences — see also {yin gcig min gnyis})
yin gcig min gnyis|absolutely (see also {yin gcig min gcig}, which is more common)
dus dbang|Kalachakra empowerment
thig ris|stripe (e.g. on a tiger)
mthud mtshams|synapse
drwa rgya bde 'jags|cybersecurity (also spelled {dra rgya bde 'jags})
dra rgya bde 'jags|cybersecurity (also spelled {drwa rgya bde 'jags})
grang nyung mi rigs|minority ethnic group
mi rigs rtsa gtor|genocide
rdo chas phra mo|microlith
spri gor|cake
gnam sde sgo mo che|a misspelling of {gnam bde sgo mo che}
ther ga|caravan
ther ka|caravan
lam zur|the side of the road
lo 'khor mor|all year round
rgyan cha|jewelry
ting sgra|a ringing sound, like a large bell ({cong}, from Chinese 鐘/钟). See also {sil sgra}.
sil sgra|a ringing sound, like a handheld bell ({dril bu}, as opposed to a {cong}). See also {ting sgra}.
grags|to resound
smad g.yogs|seems to mean “skirt” specifically(?)
dras hrug|piece of cloth (?); cf. {dug tshal}
bkrag gdangs 'tsher|to shine\nsee also {'od 'tsher}
mig zung dwangs|bright-eyed
am cog|ear; cf. {a mchog}
lag pa 'chang|to touch
sems pa skyo|to be sad
a lad pad ko|doll
yo|to be crooked, askew\nNote: This is likely the root of a large number of Tibetan words. cf. {yon po}, {yon}, {yor}, {gyor}, {g.yor}, {g.yo}, {g.yon po}, {yam yom}, {yam yam}, {yam me ba}, etc.\nPossible connection to {kyog}, {yog}, {'og}, and {phyo phyo ba}.
'jigs|to be afraid\ncf. {sdigs}\nFor similar alternations, see {'ju}, {'jings}
sdigs|to threaten\ncf. {'jigs}
'jings|the centre, the middle\ncf. {sdings}\nFor similar alternations, see {'jigs}, {'ju}
sdings|the centre, the middle\ncf. {'jings}
'ju|to hold\ncf. {sdu}\nFor similar alternations, see {'jigs}, {'jings}
sdu|to collect\ncf. {'ju}
ya|other member of a pair\nSeems to be the root of many Tibetan words.\ncf. {yan pa}, {gzhan pa}, {ya gyal}, {ya lan}
yan pa|other\ncf. {ya}, {gzhan pa}
gzhan pa|other\ncf. {yan pa}, {ya}
yon|crooked\ncf. {yo}
dka' ba|to be difficult\ncf. {dkon po}
dkon po|rare (appears to be derived from {dka' ba} using the -npo suffix with o-ablaut)
dpa' ba|to be able, to dare to\ncf. {dpon po}, {dpa' bo}
dpa' bo|hero, courageous person\ncf. {dpa' ba}
dpon po|boss, powerful or capable one ({bod rgya tshig mdzod chen mo}: {dbang cha 'dzin mkhan/})\n(distinct from “leader”, which is {dbu 'khrid})\nAppears to be derived from {dpa' ba} the same way as {dkon po} from {dka' ba}.
sngon khab|vaccine, vaccination
'tshams gzigs|a visit (h)
rgan po|old person (literary)\nFor the more colloquial form, see {rgan khog}\ncf. {rga ba}
rgan khog|old person (colloquial)\nFor the more literary form, see {rgan po}\ncf. {rga ba}
rga ba|to age\ncf. {rgan po}
gshin|dead, from {shi} with verbal prefix and nominal/adjectival -n suffix.\ncf. {gson}
gson|alive, from {gso} with nominal/adjectival -n suffix.\ncf. {gshin}
shos|colloquial superlative suffix (“-est”)\ne.g. {mtho shos} “highest”\ncf. {ches}
ches|literary superlative prefix (“-est”)\nLiterally means “greatly” ({che}+ {sa}).\ne.g. {ches mtho} “highest”\ncf. {shos}
'du byed|This absolutely should never be translated as “formation” or “fabrication”. Rather, it is something like “former” or “fabricator” or “producer”.\nReasons:\n1) Per the Khajjaniya sutta: “And why, monks, do you call them ‘saṅkhāras’? Because they produce produced things, monks, that is why they are called ‘saṅkhāras’.”\n2) They are called {'du byed} in Tibetan. {byed} is an agentive ending in Tibetan grammar, analogous to the English suffix “-er” or “-or”, and is contrasted with the patientive ending {byas}. Cf. saṃskṛta {'dus byas} “produced thing”.\n3) Miphams Khejuk says “{rnam shes la yang srid kyi sa bon 'debs pas 'du byed ces bya ste/}” i.e. “Because they plant the seed of rebirth in one’s consciousness, they are called ‘producers.’ “\n4) The illustrative example for saṃskāras in the {bka' gdams pha chos/} is a potter. The text says “{'du byed dag ni rdza mkhan bzhin/}” i.e. “Producers are like a potter.” Potters are producers, not products.\nTherefore, this does not mean “formation”.
thor bu|scattered\ncf. {'thor}, {gtor}
gtor|to scatter (transitive)\ncf. {'thor}
'thor|to scatter (intransitive)\ncf. {gtor}, {thor bu}
gtug|to cause two things to meet (transitive)\ncf. {thug}
thug|to meet (intransitive)\ncf. {gtug}
gtum|to cover (transitive)\ncf. {thum}
thum|a cover\ncf. {gtum}
gtub|to cut (this appears to originally be the transitive form of {thub})
thub|1) to be capable\n2) to subdue (this appears to originally be the intransitive form of {gtub} — cf. the English phrase “cut it” to mean “be capable” or “make the cut” to mean “succeed”)
gtan|stable, unwavering (looks like a transitive root)\ncf. {'than}
'than|stable, unwavering (looks like an intransitive root)\ncf. {gtan}
gtal|to hit (this appears to originally be the transitive root of {thal})
thal|to go past, to go beyond (this appears to originally be the intransitive form of {gtal} — cf. the English “I’m gonna hit the store”)\nIn the Kham dialect, this verb is used simply to mean “to go”, and is also used as a past tense auxiliary.
ge|A common suffix for adjectives; has several different meanings. Has 10 forms: {ge nge de ne be me 'e re le se}.\nSee the definition in the {dag yig gsar bsgrigs}.
gang|One.\nObligatorily used instead of {gcig} after counter words like {phor ba}, {sder ma}, {rkang}, etc.\ncf. {do}
do|Two.\nObligatorily used instead of {gnyis} after counter words like {phor ba}, {sder ma}, {rkang}, etc.\ncf. {gang}\n(There are no special counter numbers beyond this point.)
nge|See {ge}.
de|See {ge}.
ne|See {ge}.
be|See {ge}.
me|See {ge}.
'e|See {ge}.
re|See {ge}.
le|See {ge}.
se|See {ge}.
lung|1) valley\n2) quote, citation (cf. {lung 'dren}) — the idea of a “reading transmission” is basically just that you are receiving the “quote” of a text.\nNote: This word seems to have originally meant something like “source”, which would naturally lead to its meaning of “quote” and its meaning of “place where someone is from” in the common phrase {khyed rang lung pa ga nas yin/}. This is also supported morphologically through l-/phy- alternation in {lung}/{phyung}. Similar alternation is seen in the pairs {phyogs}/{logs} (side), {phyag}/{lag} (hand), and {phye}/{le} (division).
rjes 'ded gtong|X {gi} ___ = to chase X, to pursue X
si ling|silk\n(used metaphorically in apposition with words for “hair” to refer to beautiful straight hair, like the English term “silky hair”)\ncf. {si legs}
mig 'tshum 'tshum byed|to laugh with the eyes (?)
lham chung|little shoes (e.g. on a doll)
'khyer|to take
snang ba 'gro|to look pleasing
ngu shar rgyag|to start to cry
ya ya|alright
yang min na|or, alternatively
mig zung|eyes
kha slog|to turn away
'dzum tsam byed|to make a slight smile
smug pa'i bu|snail
sa 'bu|ladybug
zir|an onomatopoeia for the buzzing of a bee
'dred brdar shor|to slip
gan rkyal log|to flip onto one’s back
'gul skyod byed|to move (e.g. your body)\nsee also {'gul skyod rgyag}, {'gul skyod gtong}
'bud rgyag gtong|to push\nsee also {rbud rgyag gtong}
lcags gzeb|metal cage
skyon byung ba|to be harmed
'bud sla ba|loose, lit. “easy to remove” (said of a tooth)
'gul skyod rgyag|to move, to wiggle\nsee also {'gul skyod byed}, {'gul skyod gtong}\nSimplex verb form: {'gul}
ya mtshan skye|to be surprised
dngangs skrag skye|to be afraid (no explicit object needed)
rbud rgyag gtong|to push\nsee also {'bud rgyag gtong}
gog 'gro|to fall out, fall off\nsee {bkog}, {dgog}, {'gog}
sne|end (e.g. of a rope)\nsee also {sne mo}
sne mo|end (e.g. of a rope)\nsee also {sne}
sdom|to tie; a summary.\n(The sense of “summary” is surely derived from the idea of tying many things together)
sgo lung|doorknob
dbugs ring gtong|to sigh
ya yud tsha po|risky, adventurous
thabs shes|1) idea (in the sense of “plan”)\n2) a method
'khyer|1) to bring (when used as a subordinate verb in constructions like {khyer nas 'gro})\n2) to take (when used as the main verb of the sentence)
'od 'tsher|to shine\nsee also {bkrag gdangs 'tsher}
tsig khung|mouse hole
khyur mid gtong|to swallow\nSimplex verb form: {mid}
rgyugs shar glod|to run, to start running\nsee also {rgyugs}, {rgyugs 'gro}, {rgyugs yong}
rgyugs 'gro|to run (out / away from someone)\nsee also {rgyugs}, {rgyugs yong}, {rgyugs shar glod}
rgyugs yong|to run (in / towards someone)\nsee also {rgyugs}, {rgyugs 'gro}, {rgyugs shar glod}
ab rdo|apdo, a game played by throwing small stones into the air and catching them before they hit the ground
rtsed thang|playground
sgrug|to pick up\nsee also {yar sgrug}
yar sgrug|to pick up\nsee also {sgrug}
bzo lta|appearance\n(pronounced as “sopta”)
ab rdo rtse|to play apdo
tshon mdog|colour\nsee also {kha mdog}, {kha dog}, {tshon gzhi}
kha mdog|colour\nsee also {kha dog}, {tshon mdog}, {tshon gzhi}
kha dog|colour (literary term)\nsee also {kha mdog}, {kha dog}, {tshon mdog}, {tshon gzhi}
tshon gzhi|colour\nsee also {tshon mdog}, {kha dog}
zag|to fall (e.g. from the air)\nsee also {ril}, {babs}, {lhung}, {gzar}
ril|to fall down (said of people, trees, etc.)\n(This refers to falling from an upright position, not falling from the sky)\nsee also {zag}, {babs}, {lhung}, {gzar}
babs|1) to fall (said of snow, rain, etc.) — this refers to falling from the sky/air.\n2) to descend (intentionally) — said of planes, people, etc.\nsee also {zag}, {ril}, {lhung}, {gzar}
gzar|to fall, to plummet (into an abyss, off a roof, off a ledge, etc. and also said of planes falling unintentionally)\n(This is the usual spoken form of {lhung})\nsee also {zag}, {ril}, {babs}, {lhung}
lhung|to fall, to plummet (into an abyss, off a roof, off a ledge, etc. and also said of fruit)\nsee also {zag}, {ril}, {babs}, {gzar}
rtse res|turn (in a game)
rtse res rtse|to play your turn (in a game)
mjug rdzogs|to finish, to be over
ga re byas song /|What’s happened to you?\n(This is phrased non-intentionally, implying that something happened to the person, not that they did something themselves)
tsha bo lo lo|?
hur thag|very intense/hard (when said of work)
rgyags tshad|until full\n(used as an adverb placed before the verb)
tshod med|unlimited\nsee also {tshad med}
tshad med|unlimited\nsee also {tshod med}
za ma|food\nsee also {kha lag}, {zhal lag}, {lto chas}
kha lag|food (non-honorific)\nfor the honorific, see {zhal lag}.\nsee also {za ma}, {lto chas}
zhal lag|food (honorific)\nfor the non-honorific, see {kha lag}.\nSee also {za ma}, {lto chas}
lto chas|food\nsee also {kha lag}, {zhal lag}, {za ma}
sku mkhyen|1) please\n2) oh my god
byas tsang|therefore\nsame meaning as {byas tsang ka}, {de 'dra yin tsang}, {de 'dra song tsang}, {der brten}, {song tsang}, etc.
nyes rdung gtong|to beat\n(this is a generic verb, not necessarily said of criminals. For example, in the children’s story {mgrin bzang bong bu/} this verb is used to describe farmers beating a donkey.)
drud|to drag
'dod pa tshim|to be satisfied
da yin na 'grigs song /|1) Hey now, that’s enough.\n2) Finally!\nsee also {da 'grig song /}
da 'grigs song /|That’s enough now.\nsee also {da yin na 'grigs song /}
ji ltar|how (adverbial, literary)\nFor the colloquial form, see {ga 'dras se}
ga 'dras se|how (adverbial, colloquial)\nFor the literary form, see {ji ltar}
rol|to enjoy\ne.g. {zhogs zas la rol/} “they enjoyed breakfast”
grub|to complete\ne.g. {zhogs zas grub rjes} “after breakfast was over…”
rgyab skyor zhu|to support\ne.g. {a ma lags kyi bka' mol la rgyab skyor zhus/} “They supported their mother’s words.”
'khrug cha|hustle and bustle
'khrug cha dod po|bustling, busy
sngo tshal pa lag|spinach
sha mdangs|complexion
pad tshal|Napa cabbage
rus tshigs|joint (of the body)
'jong dbyibs|oblong-shaped
gung la phug|carrot
sran ljang|green peas
mdzub tshal|okra, a.k.a. lady’s finger
khrag shed snyom pa|to regulate blood pressure
snyom|to make even, to make balanced.\ne.g. {khrag shed snyom pa} to regulate blood pressure.\ncf. {stangs 'dzin byed}
bcas|indicates the end of a list; implies that the list is exhaustive.\nSee also {sogs}.
sogs|indicates the end of a list; implies that the list is non-exhaustive.\nSee also {bcas}.
zug gzer|pain.\nSee also {na zug}
na zug|pain.\nSee also {zug gzer}
'joms|to defeat, to subdue.\ne.g. {zug gzer 'joms pa} to subdue pain
do lum ma|eggplant, a.k.a. brinjal, aubergine
khrag shed|blood pressure. (This seems like the most common word for it.)\nsee also {khrag tshad}
khrag tshad|blood pressure(?)\nsee also {khrag shed}
spyod pa yag po|well-behaved
rig pa yag po|intelligent
rig pa|intellect, mind.\ne.g. {rig pa yag po} intelligent (lit. “good intellect”)\ne.g. {rig pa can} clever (lit. “having intelligence”)\ne.g. {rig pa sgrim} to concentrate, to pay attention (lit. “to tighten the intellect”)\nIn parts of Eastern Tibet, this is the basic verb for “to see”, instead of {mthong}.
tshon khra gtong|to paint with many colours (?)
lhu sgrig rtsed mo|“assembly toys”, perhaps referring to Lego or toy models?
ya rgyag|ignore (?)
ma shes pa|something that you don’t understand (in the context of learning, people often ask {ma shes pa yod pas/} “Is there anything you don’t understand?”)
dogs pa yod pa|something that you have uncertainty or doubt about
tshig phyug po|having a large vocabulary (lit. “rich in words”)
dag cha nges po|good at spelling (lit. “certain in spelling”)
klog bzang po|good at reading
go rtogs yag po|having good comprehension
rtsom 'bri|to write (stories etc.)\n{rtsom} = a composition
lo tshad la dpag pa|?
gnas don|topic, matter
khang tshan|community(?)\n(in the source I’m using, it’s used to describe the community of a schoolgirl, not a monastic)
sgom rgyag|to meditate
rtsod pa rtsod|to debate
dri ba 'dri|to ask ({phal skad})\nfor the {zhe sa} form, see {bka' 'dri zhu}.
bka' 'dri zhu|to ask ({zhe sa})\nfor the {phal skad} form, see {dri ba 'dri}.
don dag yag po|correct in meaning (?)
rkang 'khor gtong|to ride a bicycle
yod tsad|all (literary)\nsee also {kun}, {thams cad}, {yod do cog}, {tshang ma}, {tshang ma log}, {cha tshang}, {gang ga}, {gang ga log}, {gang yod}, {ji yod}
kun|all (literary)\nsee also {yod tshad}, {thams cad}, {yod do cog}, {tshang ma}, {tshang ma log}, {cha tshang}, {gang ga}, {gang ga log}, {gang yod}, {ji yod}
thams cad|all (literary)\nsee also {kun}, {yod tshad}, {yod do cog}, {tshang ma}, {tshang ma log}, {cha tshang}, {gang ga}, {gang ga log}, {gang yod}, {ji yod}
yod do cog|all (literary)\n({go cog} is a dependent particle)\nsee also {kun}, {thams cad}, {yod tshad}, {tshang ma}, {tshang ma log}, {cha tshang}, {gang ga}, {gang ga log}, {gang yod}, {ji yod}
tshang ma|all (colloquial)\nsee also {kun}, {thams cad}, {yod do cog}, {yod tshad}, {tshang ma log}, {cha tshang}, {gang ga}, {gang ga log}, {gang yod}, {ji yod}
tshang ma log|all (very colloquial — {log} has no specific written form; this is just one convention for spelling it)\nsee also {kun}, {thams cad}, {yod do cog}, {tshang ma}, {yod tshad}, {cha tshang}, {gang ga}, {gang ga log}, {gang yod}, {ji yod}
brtsi bkur byed|to esteem, to respect
gtsang ma bzo|to clean\nsee also {gtsang bzo byed}
gtsang bzo byed|to clean\nsee also {gtsang ma bzo}
lam bzang|Lamsang (a name)
gces nyar srog chags|a pet
sge'u khung rgyag|to close the window
sge'u khung dbye|to open the window
'gul skyod gtong|to move\nsee also {'gul skyod byed}, {'gul skyod rgyag}
bros 'gro|to flee, to run away, to escape
grags 'gul|noise and movement\ne.g. {grags 'gul ci yang med par} “without any noise or movement”
brda lan sprod|to answer, to respond\nsee also {lan rgyag}
khu sim me|quiet\n({khu} + {sim} + {ge} + {ra})\n({khu} is a cranberry morpheme here)\nsee also {khu sim po}
lan rgyag|to answer, to respond\nsee also {brda lan sprod}
sgra grags|to make a sound\n(e.g. said of a squirrel)
brda ston|to signal, to send a signal
nam lang|to dawn\ne.g. {zhogs pa nam ma langs bar/} “until morning dawned”
gnyis las dkrog|to disturb someone from their sleep
kha bral gtong|to separate
tag tag|1) exact\n2) only\n3) onomatopoeia for knocking on a door\n4) good (?) (e.g. {ma bu kha bral ma btang na tag tag yin/})
rgyang lta byed|to look from afar
lhan 'dzoms byung|to unite (intrans.), to come together
dbar|between\n(not specifically Amdo dialect — this is commonly used in writing in Utsang dialect)\nsee also {bar}
dga' tshor skye|to feel joy
sba lan|sweater
gad snyigs sgrug|to pick up trash
lcags hrug|metal scrap (e.g. in trash)
'gyig|plastic, rubber\n(in everyday speech, Tibetan doesn’t make a firm distinction between the two)
grangs ka brtsi|to count
cha tshang|all\n(applied to uncountable nouns)\nsee also {kun}, {thams cad}, {yod do cog}, {yod tshad}, {tshang ma}, {tshang ma log}
chu rka la|faucet (?)
khrus rgyag|to give a wash, to wash
sdug skad rgyag|to complain
g.yon|left\n(note: this appears to be etymologically related to {g.yo}, meaning “to be unsteady” or “to be unstable” or “to fluctuate”. cf. Latin “sinister”)
'gan bdag|class monitor (cf. {rgan bdag})
skye dngos rig pa|biology
rgyus lon byed|to understand
phra phung|cell
grub cha can|X {gi grub cha can/} = that which is composed of X, that which is constituted by X
bkol spyod byed|to use\nsee also {bed spyod byed}, {bed spyod btang}
bed spyod byed|to use\nsee also {bkol spyod byed}, {bed spyod btang}
bed spyod btang|to use\nsee also {bkol spyod byed}, {bed spyod byed}
ya lan byed|to respond\nsee also {ya lan sbyin}
ya lan sbyin|to respond\nsee also {ya lan byed}
skul rkyen|stimulus
bstun 'gyur|metabolism
tha mal nas bab bzung ba|homeostasis
snyigs rdzas phyir 'don|excretion, getting rid of waste products (biology)
bkod dbyibs|a structure (e.g. in a cell)
phra phung skyi mo|cell membrane
sgol gzugs|Golgi body / Golgi apparatus
lte snying|nucleus (of a cell)\nFor the nucleus of an atom, see {lte rdul}.
nying phra|nucleolus
lte snying skyi mo|nuclear envelope (of a cell nucleus)
tshos gzugs dru gu|chromosome\nsee also {tshos phung}
tshos phung|chromosome (this is the usual word for it)\nsee also {tshos gzugs dru gu}
phra tshi|nucleoplasm
'byed gzugs|lysosome
gsher nang dra tshogs|endoplasmic reticulum
nus skyed phra rdul|mitochondria
ljang rdzas dbang phra|chloroplast
gsher wu|vacuole (in a cell)
re sbo phra gzugs|ribosome
'byin rngub|respiration
zas bcud len|to get nutrients
sgu lu mngar rdzas|glucose\nsee also {mngar rdzas}
mngar rdzas|glucose; sugar (e.g. the deoxyribose sugar of DNA)\nsee also {sgu lu mngar rdzas}
khar sbon 'tsho rlung nyis ldan|carbon dioxide
stangs 'dzin byed|to regulate
spri dkar|protein\nsee also {spri rdzas}
spri rdzas|protein\nsee also {spri dkar}
rgyu lam|channel
'dus rdul|molecule
li tshil|lipid
rim gnyis|bilayer (e.g. in biology)
lho sne|the South Pole
'tsho gnas|staying alive, survival
'tsho gnas byed|to keep living, to stay alive, to survive
'tsho shugs|power to live, ability to stay alive
skyed spel|reproduction
rgyud 'dzar|offspring
rigs rdzas|gene; DNA\n(usually “gene”)
yal 'gro|to disappear
tshe srog gi them skas|For whatever reason, most Tibetan biology teachers mistranslate this term as “living staircase”. It should really be rendered as “the hierarchy of life” or “the staircase of life”. It refers to the progression in size and complexity from atoms up to the biosphere.
rdul phran|atom
phung grub|tissue (of body)
dbang po|organ (of body)
dbang po ma lag|organ system / body system
srog chags|organism\nsee also {skye dngos}, {skye ldan}
skye dngos|organism\nsee also {srog chags}, {skye ldan}
skye ldan|organism\nsee also {srog chags}, {skye dngos}
tshogs 'dus|population (in biology)
spyi tshogs|community
snod bcud ma lag|ecosystem
skye khams go la|biosphere
gral rim|hierarchy
Di en e|DNA (in biology)
bul cha|base (of DNA, i.e. ATCG)
'ching sbyor|bond (e.g. of molecules)
ar en e|RNA (in biology)
'brog pa|Contrary to popular custom, this does not mean “nomad” and should not be translated as such.\nRather, this means “pastoralist”. As per the definition in {bod rgya tshig mdzod chen mo}, this word means {'brug khul du phyugs rigs gsos te 'tsho ba skyel mkhan/}, i.e. “someone who makes their living by raising ruminants in pastures”.\nThey may be, but are not necessarily, nomadic.
kha par slebs|to receive a phone call\ne.g. {kha par slebs song /} “I’m getting a phone call”\ncf. {kha par 'byor}
kha par 'byor|to receive a phone call\ncf. {kha par slebs}
shugs|force (e.g. in physics)
shugs tshad|strength
snyob tshad|range
drag shugs|the strong force (in physics)
glog khab len|electromagnetic\nMetrics: lok khaplen
glog khab len gyi shugs|electromagnetic force
zhan shugs|the weak force (in physics)
'then shugs|gravity
lte rdul|nucleus (of an atom)\nFor the nucleus of a cell, see {lte snying}.
nad rlabs|wave of an illness (e.g. the different waves of COVID)
de mtshungs bzhin|likewise
lo rgyus kyi thog nas|historically
khrims yig|an Act (i.e. a piece of legislation)
'gyur mtshams|a turning point
dbu ma'i lam|The Middle Way, the Middle Path\n(a Buddhist term; also used for the CTA’s official policy of seeking Tibetan autonomy within China, rather than full Tibetan independence and sovereignty)
g.yo sgyu khram gsum|{g.yo} = hiding one’s faults\n{sgyu} = exaggerating one’s qualities\n{khram} = lying, or trying to act bigger than one really is
ham shedad|putting on a show of power, or having no laws or propriety
da mus bzhin|currently(?)
mtha' skyel byed|to take to the end (?)
tsha brgyud|lineage(?)
dpe ma srid|very
khrims bsher|trial\ncf. {khrims zhib}
gzhan du brdzus|to disguise oneself
gsang thon byed|to slip away, to escape in secret
rkyen rtsa|catalyst, trigger
me mdel|bombardment
me mdel 'phangs|to bombard
'grig 'jags|an agreement
'grig 'jags yong|to come to an agreement\ne.g. {khong tsho dang 'grig 'jags yong ba/} “to come to an agreement with them”
gtor skyon bzo|to cause destruction
skyo gdung|sad, sorrowful
thag gcod|to decide; to reach a resolution
ngo bo|identity\ne.g. {bod kyi ngo bo} “Tibetan identity”\nIn grammar, it is said that nouns indicate the {ngo bo} (identity) of a thing, whereas adjectives indicate its {khyad par} (qualities).
dbang sgyur ba|ruler
rnam pa|expression\ncf. {tshor snang}, {rnam 'gyur}
tshor snang|expression\ncf. {rnam pa}, {rnam 'gyur}
rnam 'gyur|expression\ncf. {tshor snang}, {rnam pa}
brtan lhing|stability (e.g. political stability)
gcig 'gyur|integrity, being one\ne.g. {sa khongs gcig 'gyur} “territorial integrity”
rim byung|succession
'brel gtugs|relationship
byung ba|an event
byung ba brjod pa|an account of an event
sems khur can|sympathetic
'bod skul|appeal, request
gson gnas|1) living (adj.)\n2) survival (n.)
gson gnas thub|to be able to survive
'gag rtsar slebs|to reach a critical point, to reach a turning point
'brel lam byed|to engage, interact\n(object in {dang})
gtan khel byung|to be formalized, finalized
nam 'tsho'i ring|as long as one lives
rin thang|value, both as in “worth” and as in “a person’s values”
dam zab tu btang|to deepen (e.g. a relationship)
brtsi mthong|appreciation
bskul ded btang|to encourage
dngos mthong thub pa|visible, perceptible; tangible (when used figuratively, e.g. “tangible results”)
zhabs 'degs|contribution
pho rog dkar po|the odd one out, the black sheep\n(literally “the white raven”)
drung 'phar|Additional Secretary (a particular type of role in the CTA)
gtso gras|key, essential
bod rang ljongs|short for {bod rang skyong ljongs}
bkra shis 'dzoms|Tashi Dzom (Ch. 扎西宗 Zhāxīzōng), a township (Tib. {yul tsho} or {shang}, the latter being from the Chinese 乡 xiāng) in Dingri County
dpe leb|The name of a town in Tashi Dzom ({bkra shis 'dzoms}) township in Dingri County
tshan pa|department
rnam grangs kyi thob skal|welfare benefits? (not sure)
'bul lam zhu|to offer (e.g. a prize)
drag char rlung 'tshub|hurricane / cyclone / typhoon; severe thunderstorm
sprin pa gyes thor|cloudburst
rgyal sras dad pa brtan pa|Prince Dhepa Tenpa, the name of a Tibetan opera
lha gzhung|Tibetan opera
'jar ma ni|Germany
gsang nyul byed|to spy\ncf. {gsang myul}
shin cang|Xinjiang
rtsam pa za ma Ni grangs byed mkhan|Tsampa eaters and Mani reciters, i.e. Tibetan people.\ncf. {rtsam pa za ma Ni bgrang mkhan}
rtsam pa za ma Ni bgrang mkhan|Tsampa eaters and Mani reciters, i.e. Tibetan people.\ncf. {rtsam pa za ma Ni grangs byed mkhan}
man spar phan bde gling|Mainpat Phendeyling
a ru nA cal|Arunachal (Pradesh)
dad ldan pa|devotee
mon g+ho 'dod rgu gling|Mungod Tibetan Settlement
kar gyil|Kargyil, in Ladakh
di mA pur|Dimapur, in Nagaland
'tshams 'dri|1) greetings\n2) congratulations
'tshams 'dri mdzad|1) to greet (H)\n2) to congratulate (H)
'brug rgyal khab|Bhutan
spyi dmangs|civilian
o si To li ya|Australia
phyi dril las khungs|Department of Information and Internal Relations (DIIR) in the CTA
nga dgu|1) 59\n2) 1959, i.e. the 1959 Tibetan uprising
bsdu ba|Samhita (“compendium”), e.g. {tsa ra ka'i bsdu ba} Caraka Samhita
phyi mor grags pa|?
bod rgya'i dka' rnyog sel thabs kyi khrims 'char|Resolve Tibet Act
brgyud rim|journey
spro tshogs|concert
spyi 'thus|Chithue; a parliamentarian / Member of Parliament in the Central Tibetan Administration
ji ni wa|Geneva
dus bkag|periodic
skong tshogs|meeting, conference\ncf. {bskong tshogs}
bskong tshogs|meeting, conference\ncf. {skong tshogs}
skong tshogs byed|to meet\ncf. {bskong tshogs byedad}
bskong tshogs byed|to meet\ncf. {skong tshogs byed}
skong tshogs gnang|to meet (h)\ncf. {bskong tshogs gnang}
bskong tshogs gnang|to meet (h)\ncf. {skong tshogs gnang}
sbyor sprod gnang|to provide, to supply
sbyor sprod|supply
byang chub chen po'i mchod rten rin po che|Mahabodhi Temple, in Bodhi Gaya
gnas gzigs mdzad|to make a pilgrimage (H), to visit religious sites\ncf. {gnas mjal}
brag dkar bkra shis ldings|Drakkar Tashiding temple, the most sacred site in Sikkim
nub b+heng g+hal|West Bengal
mdzad 'phrin|Dharma teachings
mdzad 'phrin skyong|to give Dharma teachings
chibs thon mdzad|to leave (H)
nus stobs gong spel|empowerment\ne.g. {bud med nus stobs gong spel} “female empowerment”
mdun lam|the future (of a person or thing — lit. “the path forward”)
bka' nan stsol|to urge (H)\ncf. {nan skul}, {'bod skul}
rgan gras|senior
slob zur|alumnus
ched sgrig las rim|a feature program (in the news)\ncf. {dmigs bsal las rim}
dmigs bsal las rim|a special feature (in the news)\ncf. {ched sgrig las rim}
tshogs pa|1) group\n2) organization\n3) troupe\n4) (political) party
gzhis sgar|settlement, community; often used to refer to Tibetan settlements in Exile\ncf. {gzhis chags}
rub sdod gzhis sgar|“compact community”, part of the CTA’s “Building Back Compact Community” (BBCC) project, where Tibetans are housed in compact Tibetan communities in Exile to help preserve Tibetan culture, instead of everyone being spread out and disconnected.
gzhis chags|settlement; often used to refer to Tibetan settlements in Exile\ncf. {gzhis sgar}
gzigs stangs|view, opinion
mi ser|citizen, citizenship
khrig se|Thiksey (name of a monastery in Ladakh)
gdong len|challenge
'brel lam|relations (e.g. between countries)
skor bskyod|tour\ncf. {skor skyod}
skor skyod|tour\ncf. {skor bskyod}
gzig rgyab|Zeekgyap (as in Zeekgyap Rinpoche, a tulku)
grong sde'i spyi khyab pa|mayor
bsko 'dzugs gnang|to form (a committee etc.)
zin bris tshogs chung|a Drafting Committee
rtsis lo|financial year
gros chod|a motion (in parliament)
spyi mos kyis|unanimously
spyi mos thog|unanimously
spyi mos|unanimous
d+he ra rdun|Dehradun
'thus shor|a shortcoming, a failing, an inadequacy\n(+ {'gro}, {btang})
'thus shor 'gro|to deteriorate (lit. “to become inadequate”)
'thus shor btang|to deteriorate (lit. “to make inadequate”)
sku phywa|health (H)\ncf. {sku cha}
bros byol|escape into exile
sban da ra|Bhandara
srid spyi gnyis|the {srid skyong} Sikyong and {spyi 'thus}Chithue (i.e. the Tibetan president-in-exile and MPs-in-exile)
pho long|soccer; European football\n(note: the usual word for this is {rkang rtsed spo lo})
chos 'brel|a Dharma teaching
mjug sgril byung|to conclude, to end
mjug sgril gnang|to conclude, to end
mi tshogs 'du 'dzoms|a social gathering
no sbel|Nobel
'bul bzhes|conferral
'bul bzhes mdzad|to confer
bgrang bya|1) time;\n2) year.\n(Literally: “that which is counted”)
dus ston|anniversary event\nFormat: “{{lo}/{bgrang bya}}[number]{'khor ba'i dus ston}” = “the [number]th anniversary”\ne.g. {bgrang bya} {33} {'khor ba'i dus ston} the 33rd anniversary
srid don nyes chad|sanction
srid don nyes chad btang|to sanction
mtshan rtags bsdu rub|gathering signatures
gdung sems mnyam bskyed|1) solidarity\n2) sympathy
gdung sems mnyam bskyed gnang|to show solidarity
shog dkar las 'gul|White Paper Protests; White Paper Revolution\n(when Chinese people held up blank signs during COVID to protest the government safely)\nSee also {shog bu dkar po'i sger langs}
shog bu dkar po'i sger langs|White Paper Protests\nSee also {shog dkar las 'gul}
sger spyod ring lugs|authoritarianism
mi gcig dbang sgyur ring lugs|authoritarianism
mi gcig dbang 'dzin ring lugs|authoritarianism
dbang cha gcig bsdus lam lugs|authoritarianism
bca' sdod slob grwa|boarding school
bla sman|physician (e.g. of HHDL)
sku|the word {\u0f38sku} is used to refer to His Holiness the Dalai Lama when talking about things that belong to him or people connected to him, such as his birthday ({\u0f38sku'i 'khrungs skar}), his physician ({\u0f38sku'i bla sman}), or his translator ({\u0f38sku'i gsung sgyur}({ba}))
sa 'du tshang|Sadhutsang, the personal physician of His Holiness the Dalai Lama
bstan bdag bla chen|religious leader
dka' sdug|suffering
dka' sdug myongang|to suffer
gzhis lus|at home (i.e. not abroad)\ne.g. {gzhis lus bod mi} Tibetans in Tibet
gzhis byes|at home ({gzhis}) and abroad ({byes}). Used to refer to the Tibetan community in Tibet and in Exile, respectively.
dpal 'byor|1) economy\n2) finance
rgyun skyong gnang|to continue
phyir thon|exit, leave, bowing out, withdrawal
phyir thon byed|to exit, leave, bow out, withdraw
phyir thon gnang|to exit, leave, bow out, withdraw (h)
tshogs seng|adjournment
tshogs seng bzhag|to adjourn
tshogs seng gnang|to adjourn
bod rig pa|Tibetology
mnyam las gnang|to cooperate (h)
ngal 'phrad|closing the door to something, restricting something, encountering a a barrier to something, discouraging something; facing problems, encountering difficulty (cf. {dka' ngal 'phrad})
brda 'phrin|digital
brda 'phrin dus skabs|the Digital Age
bskyangs gnang|visit (H)
bskyangs gnang mdzad|to visit (H)
mdzad 'char|schedule, program (H)
bka' 'dri|interview (h)\nNon-honorific: {bcar 'dri}
bcar 'dri|interview\nHonorific: {bka' 'dri}
shugs rkyen|impact, repercussion
chos zhu ba|devotee
bkrin|abbreviation for {bka' drin}, which means “kindness” (H)
bka' drin|1) kindness\n2) anniversary
ma byan chen mo|chef
khe na Da|Canada
thu+ong|abbreviation for {thun mong}, which means “common” or “shared”
spon Ta|Paonta
bu+ed|abbreviation for {bud med}, which means “woman”
rkang spol|soccer, European football\n(abbreviation of {rkang rtsed spo lo})
bka' blon khri zur|Kalon Trisur, the title for a former Kalon Tripa. “Sur” means “former”.
mdzad rjes|legacy
bskyar sring|a “re-broadcast”, i.e. a replay of a previously recorded broadcast
spyi bo gnam bstan pa|“one whose head is shown to the sky”, i.e. people in general\n(Note: this is a flowery word, not one that’s used everyday)
mang mjal|an audience granted to a large group of people (H)\ne.g. {phyi nang gi dad ldan pa mi grangs} {360} {tsam la mang mjal bka' drin stsal yod pa re/} He granted audience to around 360 Buddhist and non-Buddhist devotees.
sa dar rdo dar|(adj.) ubiquitous; spread everywhere
'dus mang|the monastic community at a given monastery
bod zla|Tibetan month, also called a Mongolian month ({hor zla}). The 12 months have many names, but the ones used by the CTA in their weekly Tibet TV news broadcasts are as follows:\n1. {mchu zla ba}\n2. {dbo zla ba}\n3. {nag pa zla ba}\n4. {sa ga zla ba}\n5. {snron zla ba}\n6. {chu stod zla ba}\n7. {gro bzhin zla ba}\n8. {khrums stod zla ba}\n9. {dbyug gu zla ba}\n10. {smin drug zla ba}\n11. {mgo zla ba}\n12. {rgyal zla ba}
mchu zla ba|The 1st Tibetan month ({bod zla})
dbo zla ba|The 2nd Tibetan month ({bod zla})
nag pa zla ba|The 3rd Tibetan month ({bod zla})
sa ga zla ba|The 4th Tibetan month ({bod zla})
snron zla ba|The 5th Tibetan month ({bod zla})
chu stod zla ba|The 6th Tibetan month ({bod zla})
gro bzhin zla ba|The 7th Tibetan month ({bod zla})
khrums stod zla ba|The 8th Tibetan month ({bod zla})
dbyug gu zla ba|The 9th Tibetan month ({bod zla})
smin drug zla ba|The 10th Tibetan month ({bod zla})
mgo zla ba|The 11th Tibetan month ({bod zla})
rgyal zla ba|The 12th Tibetan month ({bod zla})
bod rgyal lo|1) (noun) Tibetan Royal Year; the Tibetan lunisolar year. The first year of this system began in 127 BCE, which is when the Tibetan Emperor Nyatri Tsenpo ascended to the throne. So, the current Tibetan Royal Year can be roughly calculated by adding 127 to the current Gregorian year. However, because it is a lunisolar calendar, it rolls over to a new year at {lo sar}, not at the Gregorian new year. This means that the first month or two of the Gregorian calendar are still part of the previous Gregorian year’s corresponding Tibetan Royal Year.\n2) (sentence) “May Tibet Be Victorious!”, a common patriotic cry.
sa 'bar rdo 'bar|an analogy for any activity developing or spreading
sa bshad rdo bshad|an analogy for unnecessary, random talking
sa gtsang rdo gtsang|an analogy for something pure and unadulterated
sa skyes rdo skyes|an analogy for something that’s widespread, for something that grows everywhere
sa zad rdo thug|an analogy for being out of options, for having exhausted all approaches to something
gros tshogs 'thus mi|Member of Parliament (MP)
zhi rgol|(noun, verb) peaceful protest\ncf. {ngo rgol}
zhi rgol gnang|to hold a peaceful protest
las 'gul spel|to campaign (for some cause)\nto rally, have an action
ngo rgol|(noun, verb) protest\ncf. {zhi rgol}
rgyal yum chen mo|{\u0f38rgyal yum chen mo} refers to Gyalyum Chenmo Memorial (GCM), a shortened name for Gyalyum Chenmo Memorial Gold Cup (GCMGC), which is a Tibetan football tournament
rgyal yum chen mo'i dran rten|{\u0f38rgyal yum chen mo'i dran rten} is Gyalyum Chenmo Memorial (GCM), a shortened name for Gyalyum Chenmo Memorial Gold Cup (GCMGC), which is a Tibetan football tournament
rgyal yum chen mo dran rten|{\u0f38rgyal yum chen mo dran rten} is Gyalyum Chenmo Memorial (GCM), a shortened name for Gyalyum Chenmo Memorial Gold Cup (GCMGC), which is a Tibetan football tournament
rtsed 'gran mtha' ma|a final (in sports)\n+ {gnang} = to compete in a final;\ne.g. {bud med sil spol rtsed 'gran mtha' ma de bal yul dang don grub gling gnyis bar gnang rgyu/}\n“Team Kathmandu and Dhundupling enter women’s basket ball finals”\ncf. {mtha' ma'i 'gran bsdur}
mtha' ma'i 'gran bsdur|a final (in sports)\n(Note: this word seems uncommon, it is a hapax legomenon in VOT’s website.)\ncf. {rtsed 'gran mtha' ma}
rtsed 'gran mtha' ma'i rim pa gnyis pa|semifinal (in sports)
gser gyi gzengs rtags|Gold Cup\n(Note: this seems to be the most common word for Gold Cup.)\ncf. {gser gyi rtags ma}
gser gyi rtags ma|Gold Cup\n(Note: this word is a hapax legomenon on VOT’s website.)\ncf. {gser gyi gzengs rtags}
gleng stegs|forum
'go 'dzin|officer (in a political capacity)
gzhung mang|the government and the people\ncf. {gzhung dmangs}
gzhung dmangs|the government and the people\ncf. {gzhung mang}
'os 'gan|duty, responsibility, role
byang a ri|North America
lho a ri|South America
ches thog ma|first, very first
gnad 'gag|significance, importance
rogs skyor|help ({rogs ram}) and support ({rgyab skyor})
nyam thag|poor person/people
sems khams 'phrod bsten|mental health
dbus rgyun|member; standing member, i.e. a permanent member of a committee
bskyar gso|reinstatement
bdag gces|maintenance of something that you already possess; this is done by older generations.\ncf. {rgyun 'dzin}
rgyun 'dzin|maintaining or upholding something that you inherit from someone else; this is done by younger generations. \ncf. {bdag gces}
bzhugs mol|discussion, conversation (h)\nI think this is the honorific of {gleng mol}
gleng mol|discussion, conversation\nI think the honorific form is {bzhugs mol}
gros bsdur|a discussion meant to develop a plan of action\nHonorific: {bka' bsdur}
bka' bsdur|a discussion meant to develop a plan of action (h)\nNon-honorific: {gros bsdur}
gtsug lag slob chen|university
khrims gsher|trial\ncf. {khrims bsher}
khrims gtugs|trial
nag nyes ngos len|guilty plea, confession
nag nyes ngos len byed|to plead guilty, to confess
nag nyes ngos len gnang|to plead guilty, to confess (h)
khrims chad|sentence (in law)
khrims chad bkal|to sentence; to serve a sentence
khrims chad skyel|to sentence (in law)
khrims thag gcod|to sentence (in law)
khrims chad btang|to sentence (in law)
khrims chad bkal|to serve a sentence
g.yog pa|a charge (in law)
phyir 'then byed|to withdraw; to drop (e.g. a charge)
nyes chad|sanctions
nyes chad btang|to sanction
sger langs|uprising, revolt
lo rgyus rang bzhin ldan pa|historic
lgang phug|1) balloon\n2) a bubble (i.e. a closed-off space)
o rtsal|Olympics\n{dgun dus}___: Winter “\n{dbyar dusas}___: Summer “
rtsed 'gran pa|player in a tournament
mdzangs ma|a woman who is intelligent or of good conduct
gyong gud|drawback, downside
brag 'go|Drago, a {rdzong} (county) in {dkar mdzes} Kardze Prefecture\n(Chinese name: 炉霍县 Luhuo County)\ncf. {brag mgo}
brag mgo|Drago, a {rdzong} (county) in {dkar mdzes} Kardze Prefecture\n(Chinese name: 炉霍县 Luhuo County)\ncf. {brag 'go}
dkar mdzes|1. {dkar mdzes bod rigs rang skyong khul /} Kardze Tibetan Autonomous Prefecture, a prefecture of {si khron} Sichuan encompassing a region that is traditionally part of Kham.\n(Chinese name: 甘孜县 Garze/Ganzi Prefecture)\nHas 18 subdivisions:\n1) {dar mdo grong khyer}\n2) {lcags zam rdzong}\n3) {rong brag rdzong}\n4) {brgyad zur rdzong}\n5) {nyag chu rdzong}\n6) {rta'u rdzong}\n7) {brag 'go rdzong}\n8) {dkar mdzes rdzong}\n9) {nyag rong rdzong}\n10) {sde dge rdzong}\n11) {dpal yul rdzong}\n12) {ser shul rdzong}\n13) {gser thar rdzong}\n14) {li thang rdzong}\n15) {'ba' thang rdzong}\n16) {phyag 'phreng rdzong}\n17) {'dab pa rdzong}\n18) {sde rong rdzong}\n2. Kardze County, a {rdzong} (county) within Kardze Prefecture (see point 8 above)
dar mdo|Dardo, a city-level subdivision in {dkar mdzes} Kardze Prefecture\n(Chinese name: 康定市 Kangding City)\nAlso called {dar rtse mdo} Dartsendo
dar rtse mdo|Dartsendo, a city-level subdivision in {dkar mdzes} Kardze Prefecture\n(Chinese name: 康定市 Kangding City)\nalso called {dar mdo}
lcags zam|Jaksam, a {rdzong} (county) in {dkar mdzes} Kardze Prefecture\n(Chinese name: 泸定县 Luding County)
rong brag|Rongtak, a {rdzong} (county) in {dkar mdzes} Kardze Prefecture\n(Chinese name: 丹巴县 Danba County)
brgyad zur|Gyasur, a {rdzong} (county) in {dkar mdzes} Kardze Prefecture\n(Chinese name: 九龙县 Jiulong County)
nyag chu|Nyakchu, a {rdzong} (county) in {dkar mdzes} Kardze Prefecture\n(Chinese name: 雅江县 Yajiang County)
rta'u|Tau, a {rdzong} (county) in {dkar mdzes} Kardze Prefecture\n(Chinese name: 道孚县 Dawu/Daofu County)
nyag rong|Nyarong, a {rdzong} (county) in {dkar mdzes} Kardze Prefecture\n(Chinese name: 新龙县 Xinlong County)
sde dge|Derge, a {rdzong} (county) in {dkar mdzes} Kardze Prefecture\n(Chinese name: 德格县 Dege County)
dpal yul|Palyul, a {rdzong} (county) in {dkar mdzes} Kardze Prefecture\n(Chinese name: 白玉县 Baiyu County)
ser shul|Sershul, a {rdzong} (county) in {dkar mdzes} Kardze Prefecture\n(Chinese name: 石渠县 Sherxu/Shiqu County)
gser thar|Serta, a {rdzong} (county) in {dkar mdzes} Kardze Prefecture\n(Chinese name: 色达县 Sertar/Seda County)
li thang|Lithang, a {rdzong} (county) in {dkar mdzes} Kardze Prefecture\n(Chinese name: 理塘县 Litang County)
'ba' thang|Bathang, a {rdzong} (county) in {dkar mdzes} Kardze Prefecture\n(Chinese name: 巴塘县 Batang County)
phyag 'phreng|Shaktrang, a {rdzong} (county) in {dkar mdzes} Kardze Prefecture\n(Chinese name: 乡城县 Xiangcheng County)
'dab pa|Dappa, a {rdzong} (county) in {dkar mdzes} Kardze Prefecture\n(Chinese name: 稻城县 Daocheng County)
sde rong|Derong, a {rdzong} (county) in {dkar mdzes} Kardze Prefecture\n(Chinese name: 得荣县 Derong County)
rang skyong khul|Autonomous Prefecture, a geographical division of China. As of June 2005, there are 30 of these, of which 10 are primarily or partly Tibetan. Of those 10, 8 are primarily Tibetan:\n1. {kan lho}\n2. {mtsho byang}\n3. {mtsho lho}\n4. {rma lho}\n5. {mgo log}\n6. {yul shul}\n7. {dkar mdzes}\n8. {bde chen}\nAnd 2 are partly Tibetan:\n1. {mtsho nub} (partly Mongolian)\n2. {rnga ba} (partly Qiang)
sbi sbi si|BBC
bi bi si|BBC
bod gnas|Tibet\ncf. {bod gnas lta zhib khang}; {bod gnas bskyar zhib dus deb}
bod gnas lta zhib khang|Tibet Watch
bod gnas bskyar zhib dus deb|Tibetan Review
lhag don|in particular; especially
bskyar|again ({yig skad})\nshort for {bskyar du}\nFor the {kha skad} equivalent, see {yang bskyar}
brda khyab btang|to announce
dga' rtags|a “like” on social media
'grel brjod|a comment (e.g. on social media)
brgyud skul|share (e.g. on social media)
brgyud skul gnang|to share (e.g. on social media)
brgyud spel byed|to share (e.g. on social media)
bskyar gzhig byed|to reimagine
dga' spobs skye|to be pleased to do something\n(In English we might say “I am proud to [announce, share, etc.]”)
dpyad rtsom|a paper (on a topic)
sku nyid|you (h)
gnas tshul mkho sprod pa|news source; informant
gong zhus|the aforementioned
gsal kha 'don|to clarify
mthong thos myong gsum|sight, hearing, and experience\n(i.e. personal knowledge)
gros 'thus|Member of Parliament\nshort for {gros tshogs 'thus mi}
ched 'don|1) introduce (e.g. a bill in Parliament)\n2) to show (e.g. an expression of worry)\nVerbalizer: {byed} / {gnang} (h)
thugs 'tshab|worry (h)
gsum brgyad|The eighth of the third, i.e. March 8. This is the anniversary of March 8, 1989 when martial law was declared following three days of protests in Lhasa. It commemorates the Tibetans who died at the hands of the Chinese government in this event.
gsum bcu|The tenth of the third, i.e. March 10. This is the anniversary of Tibetan Uprising Day, in commemoration of the Tibetan uprising of March 10, 1959.
cho 'phrul smon lam|Chotruel Moenlam, a prayer festival happening on Chotruel Duechen, which is the fifteenth day of Chotruel Dawa, the first Tibetan month.
gnas tshul 'byor|to get news, to hear news
shar bskyod byed|to proceed; to go ahead\n(e.g. for an event to proceed under someone’s oversight; for a person to proceed under someone’s guidance, etc.)
bdag cag gi ston pa thub pa sangs rgyas bcom ldan 'das|A common Tibetan title for the Buddha
bdag cag gi ston pa bcom ldan 'das shA kya thub pa|A common Tibetan title for the Buddha
bcar rdung btang|to beat
ngal 'phrad|difficulty
sud tshong ba|sweater-seller
gzhen skul gnang|to urge (someone to do something), to call for (something to happen)
sems 'gul spel|to endorse (?); to move people to do something
sems 'gul btang|to inspire (?)
mtshan gzhung|list (h), register of people\ncf. {tho gzhung}
mang gtso tshogs pa|Democratic Party (USA)\nFor the Republican Party, see {spyi mthun tshogs pa}
dmangs gtso tshogs pa|Democratic Party (USA)\nFor the Republican Party, see {spyi mthun tshogs pa}
spyi mthun tshogs pa|Republican Party (USA)\nFor the Democratic Party, see {mang gtso tshogs pa}
kha gsal bzo|to clarify, to disclose
ched bton|see {ched 'don}
gros chod gros 'char|a resolution (in parliament)
nus gso|“nurturing ability”\nPart of the name of {bod mi'i nus gso lte gnas khang}, a group for people with disabilities
bod mi'i nus gso lte gnas khang|Tibetan Ability Center
gzigs phyogs|views (h)\ncf. {lta phyogs} for the {kha skad} equivalent
tshogs skyid|group, organization\ncf. {tshogs pa}; {tshogs sde}
tshogs sde|group, organization\ncf. {tshogs pa}; {tshogs skyid}
spyi zur|Chisur, i.e. “former {spyi 'thus} Chithue”; an address often added to the beginning of former MP’s names.
yongs 'brel|general/universal(?)
gzigs rtog|honorific of {lta rtog}
brgya ston|centenary; 100th birthday anniversary
go ston|90th birthday anniversary
gya ston|80th birthday anniversary
'dzin skyong gi dgongs zhu|administrative leave
nyo tshong mtshams 'jog|boycott; to boycott
nyo tshong mtshams 'jog byed|to boycott
nyo tshong mtshams 'jog gnang|to boycott (h)
dpyang thag|1) a vertical rope for hanging things (e.g. a swing)\n2) a horizontal rope for hanging things (e.g. a clothesline)
lgang bu|1) a balloon\n2) a ball\ncf. {lgang phug}
sems khams 'phrod bsten|mental health\ncf. {sems khams bde thang}
sems khams bde thang|mental health\ncf. {sems khams 'phrod bsten}
langs phyogs|position, stance (whether physical or philosophical)\nHonorific: {bzhengs phyogs}
bzhengs phyogs|position, stance (whether physical or philosophical)\nNon-honorific: {langs phyogs}
ngal rtsol ra ba|labour camp
rung ba|1) appropriate, permissible\n2) (after a verb + {la don} particle) to be fitting or permissible; e.g. {'jigs su rung ba} “fearsome” (lit. “appropriate to fear”), {med du mi rung ba} “indispensible” (lit. “not permissible to not exist”)\n3) (after a verb + optional {la don} particle) -able; e.g. {las su rung ba} “workable”, {lag bstar rung ba'i yig cha} “executable file”
sla ba|1) easy\n2) (after a verb) to do something easily, or to have a tendency to do something; e.g. {dran pa brjed sla ba} “forgetful”, {'bud sla ba'i so} “a loose (lit. “easy-to-fall-out”) tooth”
gshis|1) nature (of a person etc.)\n2) (after a verb) because of / therefore (like {pas} in Classical Tibetan or {tsang} in Modern Tibetan)
si legs|silk\ncf. {si ling}
nye rigs|species
nying ldan|eukaryote
thang 'bru rmen bu|pineal gland
gces tshor dbang rtsa'i ma lag|sympathetic nervous system\n(contrast with {nye ba'i gces tshor dbang rtsa'i ma lag})
nye ba'i gces tshor dbang rtsa'i ma lag|parasympathetic nervous system\n(contrast with {gces tshor dbang rtsa'i ma lag})
rdog rdeg|a kick (in soccer/football)
nyes chad rdog rdeg|a penalty kick (in soccer/football)
bcos las byed|to process, to refine
tA la'i ru tshogs|“the Dalai clique”, a derogatory term used by the PRC to denigrate HHDL’s supporters
krung go'i khyad chos ldan pa'i spyi tshogs ring lugs|socialism with Chinese characteristics
dang blangs|voluntary; volunteer\ne.g. {dang blangs bod don zhu gtugs tshogs pa} “Voluntary Tibet Advocacy Group”
dang blangs bod don zhu gtugs tshogs pa|Voluntary Tibet Advocacy Group (VTAG
khrims zhib pa|Justice Commissioner
khrims zhib pa che ba|Chief Justice Commissioner
'das grongs su 'gyur|to pass away
gyong gud|harm, damage\ncf. {gnod skyon}
kub la'i khAng|Kublai Khan\ncf. {kub la'i khAn}
mi rgyu|people and property
gnod skyon|harm, damage\ncf. {gyong gud}
thugs gso|consolation; condolences
snga snur gyis|ahead of schedule; in advance
snga snur du|ahead of schedule; in advance
mtho rgyugs|college entrance exam
'os shog 'phen|to cast a ballot (literary)\ncf. {'os shog blug}
'os shog blug|to cast a ballot (colloquial)\ncf. {'os shog 'phen}
bla sprul|1) tulku\n2) lama and tulku
sa 'brel rgyal khab|bordering country, neighbouring country
brdzun bzo|fabrication
brdzun bzo byed|to fabricate
phyir slog|deportation
phyir slog byed|to deport
lkub ldag mkhan|brown-noser (lit. “ass-licker”)
ches dga' sa|favourite (literary register)
dbus sa|central and local (branches of an organization)
bod phrug khim sde|Tibetan Children’s Village (TCV)
bod kyi gzhon nu lhan tshogs|Tibetan Youth Congress (TYC)
gzhon lhan|Youth Congress\nSee {bod kyi gzhon nu lhan tshogs}
sdig pa|sin (in Christianity)
dpyad deb|academic journal; scholarly book\ne.g. {bod rig pa'i dpyad deb}
bod rig pa'i dpyad deb|The Tibetan Studies Journal
dgon bdag|the head of a monastery
hra tag tag|stable
sku bzhengs mdzad|to rise up, to stand (high honorific)\nFamiliar: {langs}\nHonorific: {bzhengs}
langs|to rise up, to stand (familiar)\nHonorific: {bzhengs}\nHigh honorific: {sku bzhengs mdzad}
bzhengs|to rise up, to stand (honorific)\nFamiliar: {langs}\nHigh honorific: {sku bzhengs mdzad}
nye ba'i rigs bdag|vice-chancellor
gzhang lugs|rectal prolapse
'thus tshogs|assembly
sa gnas 'thus tshogs|local assembly (a type of Tibetan political structure)
ches mtha' ma|the very last
byabs khrus|chabtru (a type of purification ceremony)
na bza' sgron 'bul|robe-offering ceremony
tho gzhung|list
mdzad rjes|legacy, impact
mdzad rjes can|impactful, leaving a legacy
sna kha 'dzoms po|diverse, varied
mur mdzog|fist\ncf. {khu tshur}
khu tshur|fist\ncf. {mur mdzog}
khrus gsol|baptism (Christianity)
khrus gsol mkhan|baptist (Christianity)
ya la sprad|to blame something, to make excuses based on something; e.g. {dus tshod la ya la sprad} “to blame the time”
rtsad 'tshol|to find
rtsa ra|interrogation
khrom gzigs khang chen|mall\n(also called {khrom gzigs khang}, {tshong ra})
khrom gzigs khang|mall\n(also called {khrom gzigs khang chen}, {tshong ra})
tshong ra|mall\n(also called {khrom gzigs khang}, {khrom gzigs khang chen})
brgyud skul|share (e.g. a post on social media)
brgyud skul byed|to share (e.g. a post on social media)\ncf. {brgyud spel byed}
brgyud spel byed|to share (e.g. a post on social media)\ncf. {brgyud skul byed}
dam 'bul|swearing-in (of an official)
bzhugs stod grwa tshang|Gyuetoe Order in Dharamsala; this word is short for {bzhugs sgar stod rgyud grwa tshang}
stod rgyud grwa tshang|Toegyue Order in Dharamsala, also called Gyuetoe {rgyud stod}
rgyud stod grwa tshang|Gyuetoe Order in Dharamsala; also called Toegyue {stod rgyud}
yig btags byed|to type (on a keyboard)
jo stod sum cu pa|Praise to Atisha in 30 verses (a text by Dromtoenpa)
